Timestamp,Steps,Avg_Reward_50,Epsilon,Done_Count
09:05:29,32,2.3570,0.9971,0
09:05:34,62,0.4420,0.9942,0
09:05:39,91,0.1140,0.9915,0
09:05:44,116,-0.0180,0.9891,0
09:05:50,121,-0.0150,0.9887,0
09:05:57,134,1.4780,0.9874,0
09:06:02,158,0.8600,0.9852,0
09:06:07,187,0.3180,0.9825,0
09:06:12,215,2.0590,0.9799,0
09:06:17,249,2.3970,0.9767,0
09:06:23,272,1.3210,0.9746,0
09:06:28,300,1.9860,0.9720,0
09:06:33,328,2.9170,0.9694,0
09:06:38,343,2.4700,0.9681,0
09:06:45,368,10.8790,0.9658,0
09:06:50,384,2.4790,0.9643,0
09:06:55,413,0.5340,0.9617,0
09:07:00,444,0.6900,0.9588,0
09:07:05,469,1.2140,0.9566,0
09:07:10,496,0.2600,0.9541,0
09:07:15,533,2.8020,0.9508,0
09:07:21,557,2.6670,0.9486,0
09:07:26,588,6.7240,0.9458,1
09:07:31,602,0.7140,0.9446,0
09:07:37,636,0.0610,0.9416,0
09:07:42,669,0.0220,0.9386,0
09:07:47,701,0.4180,0.9358,0
09:07:52,731,3.3440,0.9331,0
09:07:57,747,1.3080,0.9317,0
09:08:02,772,0.4550,0.9295,0
09:08:07,802,0.0620,0.9269,0
09:08:12,831,-0.0440,0.9243,0
09:08:18,838,-0.0170,0.9237,0
09:08:23,853,1.5710,0.9224,0
09:08:28,882,0.1860,0.9199,0
09:08:34,912,1.0420,0.9173,0
09:08:39,948,2.6430,0.9142,0
09:08:44,976,4.2160,0.9117,0
09:08:49,988,3.0010,0.9107,0
09:08:54,1017,0.2840,0.9082,0
09:08:59,1034,4.8020,0.9068,0
09:09:04,1051,3.2840,0.9053,0
09:09:09,1082,-0.0300,0.9027,0
09:09:14,1116,0.1330,0.8998,0
09:09:20,1142,0.2800,0.8976,0
09:09:26,1173,-0.0010,0.8949,0
09:09:32,1198,0.8610,0.8928,0
09:09:38,1212,0.0530,0.8916,0
09:09:43,1244,5.2240,0.8890,0
09:09:48,1261,0.6710,0.8875,0
09:09:54,1284,5.7960,0.8856,0
09:09:59,1302,1.2480,0.8841,0
09:10:04,1337,-0.0730,0.8812,1
09:10:09,1356,-0.0340,0.8796,0
09:10:14,1391,-0.0690,0.8767,0
09:10:19,1427,0.0390,0.8737,0
09:10:24,1468,-0.0420,0.8704,0
09:10:30,1488,2.6840,0.8687,0
09:10:35,1503,5.4720,0.8675,0
09:10:40,1523,0.2600,0.8659,0
09:10:45,1538,2.3830,0.8647,0
09:10:50,1571,0.0210,0.8620,0
09:10:55,1604,0.1370,0.8593,0
09:11:01,1641,0.1730,0.8563,0
09:11:06,1680,0.0990,0.8532,0
09:11:11,1722,0.0520,0.8498,0
09:11:16,1748,1.4890,0.8477,0
09:11:22,1784,4.4930,0.8449,0
09:11:28,1809,0.5620,0.8429,0
09:11:33,1840,0.0810,0.8404,0
09:11:38,1867,2.0030,0.8383,0
09:11:43,1897,0.0720,0.8359,0
09:11:48,1928,-0.0620,0.8335,0
09:11:53,1943,0.0400,0.8323,0
09:11:58,1970,0.0540,0.8302,0
09:12:03,1999,0.0560,0.8279,0
09:12:09,2024,2.3930,0.8260,0
09:12:14,2051,0.5990,0.8239,0
09:12:20,2078,-0.0340,0.8218,0
09:12:25,2093,0.9330,0.8207,0
09:12:32,2117,4.6360,0.8188,0
09:12:37,2148,7.3940,0.8164,0
09:12:43,2181,0.6240,0.8139,0
09:12:49,2202,1.7880,0.8123,0
09:12:54,2219,2.6820,0.8110,0
09:12:59,2247,0.1140,0.8089,0
09:13:04,2284,0.5940,0.8061,0
09:13:09,2323,0.2260,0.8031,0
09:13:14,2363,0.0880,0.8001,0
09:13:19,2402,0.0920,0.7972,0
09:13:24,2440,0.8820,0.7944,0
09:13:29,2466,0.0830,0.7925,0
09:13:35,2494,2.6490,0.7904,0
09:13:40,2517,3.0770,0.7887,0
09:13:47,2545,5.1560,0.7866,0
09:13:52,2574,1.5560,0.7845,0
09:13:57,2598,0.1720,0.7827,0
09:14:03,2631,2.3750,0.7803,0
09:14:08,2666,0.6960,0.7778,0
09:14:13,2699,0.1910,0.7754,0
09:14:18,2730,0.4370,0.7731,0
09:14:23,2771,0.5200,0.7702,0
09:14:29,2780,1.4830,0.7695,0
09:14:36,2790,5.9980,0.7688,0
09:14:43,2817,11.2450,0.7668,0
09:14:48,2846,0.1150,0.7648,0
09:14:53,2862,1.1850,0.7636,0
09:14:58,2881,4.1860,0.7623,0
09:15:03,2919,-0.0580,0.7596,0
09:15:09,2958,-0.0210,0.7568,0
09:15:14,2998,-0.0760,0.7540,0
09:15:19,3036,-0.0560,0.7513,0
09:15:25,3069,1.4630,0.7490,0
09:15:30,3081,6.9380,0.7482,0
09:15:35,3096,7.8480,0.7471,1
09:15:41,3101,-0.0100,0.7468,0
09:15:46,3117,7.5550,0.7457,0
09:15:52,3136,2.7140,0.7443,0
09:15:57,3163,4.0490,0.7425,1
09:16:02,3180,2.6850,0.7413,0
09:16:07,3199,2.9700,0.7400,0
09:16:13,3206,-0.0170,0.7395,0
09:16:18,3245,0.8760,0.7368,0
09:16:23,3286,-0.0310,0.7340,0
09:16:29,3326,0.0170,0.7313,0
09:16:34,3367,-0.0210,0.7285,0
09:16:39,3408,-0.0420,0.7257,0
09:16:44,3446,1.1410,0.7231,0
09:16:49,3479,-0.0640,0.7209,0
09:16:54,3513,-0.0700,0.7187,1
09:16:59,3528,0.1200,0.7176,0
09:17:04,3555,0.7010,0.7158,0
09:17:09,3591,0.0230,0.7135,0
09:17:14,3620,2.4890,0.7115,0
09:17:19,3652,0.3210,0.7094,0
09:17:26,3686,1.4340,0.7072,0
09:17:31,3699,5.1500,0.7063,0
09:17:36,3716,4.5290,0.7052,0
09:17:42,3729,2.4410,0.7044,0
09:17:47,3749,5.3960,0.7031,0
09:17:52,3772,8.4140,0.7016,0
09:17:57,3788,0.2700,0.7005,0
09:18:02,3803,1.1930,0.6995,0
09:18:10,3816,4.8010,0.6987,0
09:18:15,3843,6.3180,0.6969,0
09:18:20,3860,5.4490,0.6958,0
09:18:25,3896,0.8350,0.6935,0
09:18:30,3911,1.8660,0.6926,0
09:18:36,3938,3.1190,0.6908,0
09:18:41,3964,5.4600,0.6892,0
09:18:46,3976,5.1310,0.6884,0
09:18:53,4005,7.0670,0.6865,0
09:18:58,4034,7.9950,0.6847,0
09:19:03,4045,1.2270,0.6840,0
09:19:08,4069,3.7970,0.6825,0
09:19:13,4107,1.7870,0.6801,0
09:19:20,4138,0.3150,0.6781,0
09:19:25,4163,2.5990,0.6766,0
09:19:32,4187,7.8150,0.6751,0
09:19:37,4199,3.6830,0.6743,0
09:19:42,4234,1.5740,0.6721,0
09:19:47,4262,4.7960,0.6704,0
09:19:52,4282,-0.0400,0.6692,0
09:19:57,4299,-0.0330,0.6681,0
09:20:02,4337,1.2450,0.6658,0
09:20:07,4373,0.1300,0.6636,0
09:20:12,4391,4.5180,0.6624,0
09:20:19,4401,3.5980,0.6618,0
09:20:24,4416,0.9740,0.6609,0
09:20:30,4438,0.4780,0.6596,0
09:20:35,4463,7.3780,0.6581,0
09:20:40,4479,6.3670,0.6571,0
09:20:47,4494,7.5200,0.6562,0
09:20:53,4509,4.8750,0.6553,0
09:20:58,4547,2.3800,0.6530,0
09:21:03,4587,-0.0820,0.6506,1
09:21:08,4602,2.7800,0.6497,0
09:21:13,4622,1.7870,0.6485,0
09:21:18,4658,-0.0700,0.6463,0
09:21:25,4688,1.4530,0.6445,0
09:21:32,4711,7.2530,0.6432,0
09:21:38,4729,6.3260,0.6421,0
09:21:43,4759,0.5010,0.6403,0
09:21:48,4787,1.3110,0.6387,0
09:21:53,4818,4.5350,0.6368,0
09:21:59,4849,0.2360,0.6350,0
09:22:07,4886,2.0890,0.6329,0
09:22:12,4909,9.6060,0.6315,0
09:22:17,4936,2.7580,0.6300,0
09:22:22,4951,5.0980,0.6291,0
09:22:29,4964,6.0000,0.6283,0
09:22:34,4991,8.8350,0.6268,0
09:22:39,5006,3.9440,0.6259,0
09:22:44,5019,8.7360,0.6252,0
09:22:49,5049,4.1650,0.6234,0
09:22:55,5073,2.7070,0.6221,0
09:23:00,5087,1.0030,0.6213,0
09:23:05,5101,5.1390,0.6205,0
09:23:10,5116,0.9750,0.6196,0
09:23:15,5142,6.9040,0.6181,1
09:23:21,5148,-0.0020,0.6178,0
09:23:28,5172,10.6770,0.6164,0
09:23:33,5186,4.5890,0.6156,0
09:23:39,5204,9.4270,0.6146,0
09:23:45,5224,8.8090,0.6135,0
09:23:52,5248,9.7650,0.6121,0
09:23:59,5258,5.1000,0.6116,0
09:24:04,5287,5.3560,0.6100,0
09:24:09,5316,0.8390,0.6083,0
09:24:16,5337,5.2410,0.6072,0
09:24:23,5370,-0.0690,0.6053,0
09:24:29,5384,0.0800,0.6046,0
09:24:34,5415,2.4500,0.6028,0
09:24:39,5429,3.0840,0.6021,0
09:24:46,5442,5.0910,0.6013,0
09:24:51,5457,1.5230,0.6005,0
09:24:56,5470,3.9570,0.5998,0
09:25:01,5484,6.0350,0.5990,0
09:25:07,5508,3.8960,0.5977,0
09:25:13,5523,6.3600,0.5969,0
09:25:19,5540,8.1580,0.5960,0
09:25:24,5562,3.1910,0.5948,0
09:25:29,5587,4.0820,0.5934,0
09:25:34,5599,5.1190,0.5928,0
09:25:39,5617,2.9800,0.5918,0
09:25:44,5653,-0.0240,0.5898,0
09:25:49,5680,1.1700,0.5884,0
09:25:57,5705,0.5620,0.5870,0
09:26:04,5726,2.5280,0.5859,0
09:26:09,5748,2.2850,0.5847,0
09:26:14,5764,4.5530,0.5839,0
09:26:19,5791,5.0450,0.5824,0
09:26:24,5819,11.3650,0.5809,0
09:26:30,5832,3.3400,0.5803,0
09:26:35,5848,0.5790,0.5794,0
09:26:40,5862,3.6620,0.5787,0
09:26:45,5878,2.0750,0.5778,0
09:26:50,5915,-0.0730,0.5759,0
09:26:55,5944,4.2970,0.5744,0
09:27:01,5962,4.5250,0.5734,0
09:27:06,5996,1.1560,0.5716,0
09:27:11,6026,0.5780,0.5701,0
09:27:16,6055,0.0480,0.5686,0
09:27:22,6079,2.7400,0.5673,0
09:27:28,6099,5.1690,0.5663,0
09:27:33,6115,2.3810,0.5655,0
09:27:40,6130,-0.0350,0.5647,0
09:27:45,6163,0.5590,0.5630,0
09:27:51,6184,1.7660,0.5619,0
09:27:56,6216,2.4760,0.5603,0
09:28:01,6253,1.0610,0.5584,0
09:28:06,6290,0.5340,0.5565,0
09:28:11,6316,0.8570,0.5552,0
09:28:17,6332,2.0800,0.5544,0
09:28:22,6349,4.7910,0.5535,0
09:28:27,6362,2.4510,0.5529,0
09:28:32,6374,6.3490,0.5523,0
09:28:39,6384,5.3960,0.5518,0
09:28:46,6395,2.6890,0.5512,0
09:28:51,6419,3.9820,0.5500,0
09:28:57,6441,-0.0200,0.5489,0
09:29:02,6475,-0.0330,0.5472,0
09:29:07,6491,2.1550,0.5464,0
09:29:12,6516,2.4030,0.5452,0
09:29:17,6539,0.0490,0.5441,0
09:29:22,6566,3.3020,0.5427,0
09:29:27,6598,-0.0600,0.5412,0
09:29:32,6624,2.0630,0.5399,0
09:29:38,6640,2.7650,0.5391,0
09:29:43,6653,3.9730,0.5385,0
09:29:48,6667,6.0330,0.5378,0
09:29:53,6681,7.8440,0.5371,1
09:29:58,6693,3.1100,0.5365,0
09:30:04,6710,7.5390,0.5357,0
09:30:11,6724,6.0070,0.5350,0
09:30:16,6746,2.2830,0.5339,0
09:30:21,6773,5.0970,0.5326,1
09:30:27,6779,-0.0110,0.5323,0
09:30:35,6814,3.9030,0.5307,0
09:30:41,6822,1.7840,0.5303,0
09:30:48,6832,2.4040,0.5298,0
09:30:53,6856,8.5750,0.5286,0
09:30:58,6869,2.9900,0.5280,0
09:31:04,6901,0.2560,0.5265,0
09:31:09,6911,3.3680,0.5260,0
09:31:14,6936,9.7630,0.5248,0
09:31:19,6962,1.1570,0.5236,0
09:31:26,6988,-0.0370,0.5224,0
09:31:31,7009,1.6750,0.5214,0
09:31:36,7033,3.6930,0.5202,0
09:31:42,7062,4.1590,0.5189,1
09:31:47,7087,3.2150,0.5177,0
09:31:52,7133,3.8960,0.5156,0
09:31:57,7179,0.2110,0.5134,0
09:32:02,7225,0.2140,0.5113,0
09:32:07,7271,-0.0920,0.5092,0
09:32:12,7317,0.8220,0.5071,0
09:32:19,7360,2.6950,0.5051,0
09:32:25,7392,3.9300,0.5037,0
09:32:30,7438,1.7460,0.5016,0
09:32:35,7484,0.5180,0.4995,0
09:32:40,7530,3.2600,0.4974,0
09:32:45,7555,4.0220,0.4963,0
09:32:50,7601,2.4410,0.4943,0
09:32:55,7647,0.3680,0.4922,0
09:33:00,7693,2.1540,0.4902,0
09:33:05,7739,0.2120,0.4882,0
09:33:10,7785,0.2860,0.4862,0
09:33:15,7831,-0.0910,0.4842,0
09:33:20,7877,-0.0870,0.4822,0
09:33:28,7902,3.8990,0.4811,0
09:33:33,7948,2.1380,0.4791,0
09:33:38,7994,-0.0920,0.4772,0
09:33:43,8040,-0.0920,0.4752,0
09:33:49,8077,-0.0320,0.4736,0
09:33:54,8123,7.1290,0.4717,0
09:33:59,8148,4.2710,0.4706,0
09:34:04,8194,6.8430,0.4687,0
09:34:09,8219,4.8680,0.4677,0
09:34:14,8265,8.3750,0.4657,0
09:34:20,8290,1.7770,0.4647,0
09:34:25,8336,1.0700,0.4628,0
09:34:30,8361,0.7200,0.4618,0
09:34:35,8407,3.3640,0.4599,0
09:34:40,8432,3.0040,0.4589,0
09:34:45,8478,0.5130,0.4570,0
09:34:50,8524,-0.0870,0.4551,0
09:34:55,8570,-0.0920,0.4533,0
09:35:01,8605,4.1730,0.4518,0
09:35:06,8630,2.6940,0.4508,0
09:35:13,8671,5.5500,0.4492,0
09:35:18,8696,3.5930,0.4482,0
09:35:23,8722,1.8150,0.4472,0
09:35:28,8768,0.6590,0.4453,0
09:35:33,8814,0.5140,0.4435,0
09:35:40,8856,-0.0750,0.4419,0
09:35:45,8902,0.0200,0.4401,0
09:35:50,8948,1.4870,0.4383,0
09:35:55,8994,-0.0300,0.4365,0
09:36:00,9040,3.1680,0.4347,0
09:36:05,9086,0.8140,0.4330,0
09:36:10,9132,1.1270,0.4312,0
09:36:15,9156,4.8750,0.4303,0
09:36:21,9181,2.8170,0.4294,0
09:36:26,9208,3.3170,0.4283,0
09:36:33,9252,8.4420,0.4267,0
09:36:38,9298,0.8420,0.4249,0
09:36:43,9322,0.2990,0.4240,0
09:36:50,9365,6.1370,0.4224,0
09:36:55,9411,1.5740,0.4207,0
09:37:00,9457,1.8100,0.4190,0
09:37:05,9482,1.2480,0.4181,0
09:37:10,9528,5.4930,0.4164,0
09:37:15,9574,1.1180,0.4147,0
09:37:20,9620,-0.0880,0.4131,0
09:37:25,9666,-0.0910,0.4114,0
09:37:30,9712,5.1730,0.4097,0
09:37:36,9737,2.3800,0.4088,0
09:37:41,9783,5.0820,0.4072,0
09:37:46,9808,5.7870,0.4063,0
09:37:51,9854,10.4540,0.4047,0
09:37:56,9879,5.7120,0.4038,0
09:38:01,9907,7.2720,0.4028,0
09:38:06,9953,1.8300,0.4012,0
09:38:11,9978,7.8320,0.4003,0
09:38:16,10024,1.1570,0.3987,0
09:38:21,10070,0.1000,0.3971,0
09:38:26,10116,9.8900,0.3955,0
09:38:32,10141,7.5670,0.3946,0
09:38:37,10166,2.0890,0.3938,0
09:38:42,10191,1.4850,0.3929,0
09:38:47,10237,4.2040,0.3913,0
09:38:52,10283,-0.0920,0.3898,0
09:38:57,10329,6.5690,0.3882,0
09:39:02,10355,7.0330,0.3873,0
09:39:07,10401,4.9320,0.3858,0
09:39:12,10447,0.2540,0.3842,0
09:39:17,10493,0.7840,0.3827,0
09:39:23,10529,0.6350,0.3815,0
09:39:28,10575,1.8890,0.3800,0
09:39:33,10621,1.8270,0.3785,0
09:39:39,10650,7.7900,0.3775,0
09:39:44,10674,1.9050,0.3767,0
09:39:49,10720,12.0980,0.3752,0
09:39:56,10743,3.0730,0.3745,0
09:40:01,10789,5.6550,0.3730,0
09:40:07,10817,4.8220,0.3721,0
09:40:12,10863,11.7130,0.3706,0
09:40:17,10890,1.4550,0.3698,0
09:40:22,10915,-0.0140,0.3690,0
09:40:27,10940,8.8670,0.3682,0
09:40:32,10986,-0.0390,0.3667,0
09:40:37,11032,0.0480,0.3652,0
09:40:42,11078,10.2170,0.3638,0
09:40:47,11124,4.4830,0.3624,0
09:40:52,11170,0.2640,0.3609,0
09:40:57,11216,-0.0890,0.3595,0
09:41:03,11262,-0.0910,0.3581,0
09:41:08,11308,-0.0820,0.3567,0
09:41:13,11354,-0.0210,0.3553,0
09:41:19,11367,4.8140,0.3549,0
09:41:25,11406,8.6390,0.3537,0
09:41:31,11431,-0.0420,0.3529,0
09:41:36,11456,-0.0390,0.3522,0
09:41:41,11481,2.3830,0.3514,0
09:41:46,11506,-0.0460,0.3507,0
09:41:51,11552,-0.0560,0.3493,0
09:41:57,11591,8.4040,0.3481,0
09:42:02,11637,6.9200,0.3467,0
09:42:08,11662,5.2700,0.3460,0
09:42:13,11708,7.5920,0.3446,0
09:42:18,11754,0.8530,0.3433,0
09:42:24,11791,1.7860,0.3422,0
09:42:30,11820,8.0080,0.3414,0
09:42:35,11866,7.0750,0.3400,0
09:42:40,11912,8.8800,0.3387,0
09:42:47,11957,3.0860,0.3374,0
09:42:52,12003,4.3760,0.3361,0
09:42:57,12028,4.2170,0.3354,0
09:43:02,12074,-0.0430,0.3341,0
09:43:07,12099,3.9050,0.3333,0
09:43:12,12124,1.7660,0.3326,0
09:43:17,12170,0.9470,0.3313,0
09:43:22,12216,5.1010,0.3300,0
09:43:27,12262,0.2090,0.3288,0
09:43:32,12308,-0.0280,0.3275,0
09:43:37,12333,4.5140,0.3268,0
09:43:43,12379,9.5080,0.3255,0
09:43:48,12425,0.8260,0.3243,0
09:43:54,12463,0.3140,0.3232,0
09:43:59,12488,5.2170,0.3225,0
09:44:04,12534,7.2660,0.3213,0
09:44:09,12559,6.4530,0.3206,0
09:44:14,12584,8.8780,0.3199,0
09:44:19,12608,4.5390,0.3193,0
09:44:24,12654,4.2850,0.3180,0
09:44:29,12700,0.2970,0.3168,0
09:44:34,12746,0.0540,0.3156,0
09:44:39,12792,-0.0400,0.3144,0
09:44:44,12838,-0.0290,0.3132,1
09:44:50,12863,6.8370,0.3125,0
09:44:55,12888,8.5120,0.3118,0
09:45:00,12934,10.0020,0.3106,0
09:45:05,12980,1.4530,0.3094,0
09:45:10,13005,4.6370,0.3088,0
09:45:15,13030,2.4580,0.3082,0
09:45:20,13055,7.2820,0.3075,0
09:45:25,13080,3.8880,0.3069,0
09:45:30,13105,4.5070,0.3062,0
09:45:35,13151,-0.0840,0.3051,0
09:45:40,13197,-0.0900,0.3039,0
09:45:45,13243,0.0250,0.3027,0
09:45:50,13289,8.4250,0.3016,0
09:45:55,13335,1.1210,0.3004,0
09:46:00,13381,-0.0920,0.2993,0
09:46:05,13427,0.6420,0.2981,0
09:46:10,13473,1.8770,0.2970,0
09:46:16,13519,2.6590,0.2958,0
09:46:21,13544,5.7980,0.2952,0
09:46:26,13569,5.7780,0.2946,0
09:46:31,13615,9.5950,0.2935,0
09:46:38,13638,6.3450,0.2929,0
09:46:43,13684,11.3100,0.2918,0
09:46:49,13698,1.8330,0.2915,0
09:46:54,13723,1.3360,0.2909,0
09:46:59,13769,8.9500,0.2898,0
09:47:05,13796,2.4210,0.2891,0
09:47:11,13832,3.0020,0.2883,0
09:47:18,13876,11.5990,0.2872,0
09:47:23,13922,7.3650,0.2861,0
09:47:28,13947,4.3450,0.2855,0
09:47:34,13980,8.8150,0.2848,0
09:47:39,14026,7.6370,0.2837,0
09:47:45,14055,7.6700,0.2830,0
09:47:50,14101,8.2490,0.2819,0
09:47:55,14126,7.6480,0.2814,0
09:48:00,14151,4.0040,0.2808,0
09:48:06,14188,10.3550,0.2799,0
09:48:11,14234,7.9130,0.2789,0
09:48:16,14258,9.5200,0.2783,1
09:48:22,14283,1.5740,0.2778,0
09:48:27,14308,4.8800,0.2772,0
09:48:32,14333,3.0800,0.2766,0
09:48:37,14379,12.6250,0.2756,0
09:48:42,14403,0.2660,0.2750,0
09:48:48,14440,4.5810,0.2742,0
09:48:53,14486,7.2870,0.2732,0
09:48:59,14514,7.6350,0.2726,0
09:49:04,14560,3.9360,0.2715,0
09:49:09,14606,-0.0900,0.2705,0
09:49:14,14652,-0.0890,0.2695,0
09:49:19,14698,4.1430,0.2685,0
09:49:24,14723,1.4630,0.2679,0
09:49:29,14769,8.4240,0.2669,0
09:49:34,14794,6.1730,0.2664,0
09:49:39,14840,11.0490,0.2654,0
09:49:44,14886,0.9730,0.2644,0
09:49:49,14932,2.0740,0.2634,0
09:49:54,14978,0.6980,0.2625,0
09:49:59,15024,0.0130,0.2615,0
09:50:04,15070,0.0250,0.2605,0
09:50:09,15116,1.1040,0.2595,0
09:50:14,15162,1.6690,0.2586,0
09:50:19,15187,2.2900,0.2581,0
09:50:25,15219,9.7130,0.2574,0
09:50:30,15265,0.5950,0.2565,0
09:50:35,15311,10.6430,0.2555,0
09:50:41,15336,4.6820,0.2550,0
09:50:47,15372,14.4640,0.2543,0
09:50:54,15413,12.3460,0.2534,0
09:51:00,15450,7.9510,0.2527,0
09:51:06,15482,11.0600,0.2520,0
09:51:11,15528,15.1980,0.2511,1
09:51:18,15546,7.2550,0.2507,0
09:51:23,15592,11.5640,0.2498,0
09:51:28,15618,6.7650,0.2493,0
09:51:33,15664,5.5490,0.2484,0
09:51:38,15689,4.2720,0.2479,0
09:51:43,15714,-0.0480,0.2474,0
09:51:48,15760,-0.0920,0.2465,0
09:51:53,15785,4.9360,0.2460,0
09:51:58,15810,7.2650,0.2455,0
09:52:03,15856,10.6970,0.2446,0
09:52:08,15881,5.2950,0.2441,0
09:52:15,15922,11.5990,0.2433,0
09:52:22,15966,11.5310,0.2425,0
09:52:28,15991,2.3820,0.2420,0
09:52:35,16037,8.2740,0.2411,0
09:52:40,16082,10.7060,0.2403,0
09:52:45,16107,5.0370,0.2398,0
09:52:51,16142,12.5580,0.2391,0
09:52:57,16171,4.1860,0.2386,0
09:53:02,16217,9.7440,0.2377,0
09:53:07,16242,7.9780,0.2372,0
09:53:12,16267,9.7300,0.2368,0
09:53:17,16292,2.7510,0.2363,0
09:53:22,16317,7.3520,0.2358,0
09:53:30,16363,14.3780,0.2350,0
09:53:36,16403,13.3720,0.2342,0
09:53:42,16430,7.0360,0.2337,0
09:53:47,16455,3.7440,0.2333,0
09:53:52,16482,11.0670,0.2328,0
09:53:58,16519,13.4730,0.2321,0
09:54:05,16561,13.4140,0.2314,0
09:54:10,16607,13.2170,0.2305,0
09:54:15,16632,2.1420,0.2301,0
09:54:21,16659,10.3210,0.2296,0
09:54:26,16686,6.3130,0.2291,0
09:54:31,16732,5.6270,0.2283,0
09:54:38,16772,11.1190,0.2276,0
09:54:43,16797,6.3160,0.2271,0
09:54:48,16843,2.0570,0.2263,0
09:54:54,16873,3.5760,0.2258,0
09:54:59,16919,10.5320,0.2250,0
09:55:06,16943,6.6630,0.2246,0
09:55:11,16989,15.0390,0.2238,0
09:55:16,17014,7.0790,0.2233,0
09:55:22,17051,9.1970,0.2227,0
09:55:28,17076,3.7450,0.2223,0
09:55:33,17122,11.3950,0.2215,0
09:55:38,17147,1.9160,0.2210,0
09:55:44,17186,13.7640,0.2204,0
09:55:49,17232,14.6420,0.2196,0
09:55:54,17256,5.4800,0.2192,0
09:55:59,17302,3.2510,0.2184,0
09:56:04,17327,4.0960,0.2180,0
09:56:10,17352,5.8230,0.2176,0
09:56:15,17398,12.5030,0.2168,0
09:56:20,17422,9.4390,0.2164,0
09:56:25,17447,3.6720,0.2160,0
09:56:30,17493,15.6280,0.2152,0
09:56:35,17518,7.5790,0.2148,0
09:56:40,17543,3.0670,0.2144,0
09:56:45,17568,5.4550,0.2140,0
09:56:50,17593,9.5400,0.2136,0
09:56:57,17617,9.7530,0.2132,0
09:57:02,17663,10.5960,0.2124,0
09:57:08,17688,7.9280,0.2120,0
09:57:13,17712,2.1310,0.2116,0
09:57:18,17758,10.5870,0.2109,0
09:57:23,17804,3.9960,0.2102,0
09:57:28,17850,0.3930,0.2094,0
09:57:33,17896,0.0200,0.2087,0
09:57:38,17942,1.1120,0.2080,0
09:57:43,17988,3.3640,0.2072,0
09:57:48,18034,-0.0720,0.2065,0
09:57:53,18080,0.1600,0.2058,0
09:57:58,18126,-0.0150,0.2051,0
09:58:03,18172,-0.0890,0.2044,0
09:58:08,18218,-0.0030,0.2037,0
09:58:13,18264,0.2270,0.2030,0
09:58:18,18310,0.2980,0.2023,0
09:58:23,18356,0.1340,0.2016,0
09:58:28,18402,-0.0410,0.2009,0
09:58:33,18448,0.2150,0.2002,0
09:58:38,18472,0.0360,0.1998,0
09:58:43,18518,7.8750,0.1991,1
09:58:48,18543,-0.0270,0.1987,0
09:58:53,18589,4.5650,0.1981,0
09:58:58,18635,-0.0920,0.1974,0
09:59:04,18681,1.4280,0.1967,0
09:59:09,18706,5.4120,0.1963,0
09:59:14,18730,8.7560,0.1960,0
09:59:19,18758,7.9380,0.1956,0
09:59:24,18804,1.0430,0.1949,0
09:59:29,18829,9.1620,0.1946,0
09:59:34,18854,3.9850,0.1942,0
09:59:39,18900,1.4590,0.1935,0
09:59:44,18946,-0.0910,0.1929,0
09:59:49,18992,7.4670,0.1922,0
09:59:55,19021,6.7330,0.1918,0
10:00:02,19066,15.3000,0.1912,0
10:00:09,19103,15.0520,0.1906,0
10:00:14,19149,14.5990,0.1900,0
10:00:19,19174,5.1180,0.1897,0
10:00:24,19220,12.5970,0.1890,0
10:00:29,19245,1.9560,0.1887,0
10:00:34,19291,1.5810,0.1880,0
10:00:41,19334,13.1940,0.1874,0
10:00:48,19373,12.2050,0.1869,0
10:00:53,19404,5.1360,0.1865,0
10:00:58,19450,9.5440,0.1859,0
10:01:05,19489,8.9550,0.1853,0
10:01:10,19535,11.6010,0.1847,0
10:01:15,19560,7.0980,0.1844,0
10:01:20,19606,10.8480,0.1837,0
10:01:25,19631,1.8380,0.1834,0
10:01:30,19655,4.8370,0.1831,0
10:01:35,19701,6.0270,0.1825,0
10:01:40,19747,14.0590,0.1819,1
10:01:45,19772,6.7060,0.1815,0
10:01:50,19818,0.5210,0.1809,0
10:01:56,19864,0.2170,0.1803,0
10:02:01,19892,-0.0520,0.1800,0
10:02:06,19938,12.6110,0.1794,0
10:02:11,19962,8.7700,0.1791,0
10:02:16,19987,7.1530,0.1787,0
10:02:23,20029,10.0700,0.1782,0
10:02:30,20072,9.6810,0.1777,0
10:02:37,20117,14.7850,0.1771,0
10:02:43,20142,2.0740,0.1768,0
10:02:48,20167,7.5470,0.1765,0
10:02:53,20213,7.5030,0.1759,0
10:02:58,20238,5.7510,0.1756,0
10:03:03,20284,1.7320,0.1750,0
10:03:10,20327,7.8780,0.1744,0
10:03:15,20373,11.8910,0.1739,0
10:03:20,20398,8.8870,0.1736,0
10:03:25,20422,5.2550,0.1733,0
10:03:30,20468,12.3650,0.1727,0
10:03:35,20493,3.6920,0.1724,0
10:03:43,20539,15.8610,0.1718,0
10:03:48,20563,3.8920,0.1715,0
10:03:53,20609,12.9650,0.1710,0
10:03:58,20655,11.6560,0.1704,0
10:04:03,20679,2.8880,0.1701,0
10:04:08,20703,7.2900,0.1699,0
10:04:13,20749,14.0960,0.1693,0
10:04:18,20774,4.3380,0.1690,0
10:04:23,20820,14.6970,0.1685,0
10:04:28,20845,7.0700,0.1682,0
10:04:33,20870,9.4410,0.1679,0
10:04:38,20895,6.5250,0.1676,0
10:04:46,20941,14.3300,0.1670,0
10:04:51,20987,11.7670,0.1665,0
10:04:56,21017,0.8570,0.1661,0
10:05:01,21030,4.4870,0.1660,0
10:05:06,21054,0.0270,0.1657,0
10:05:11,21085,0.1880,0.1654,0
10:05:17,21107,0.1640,0.1651,0
10:05:22,21129,8.1900,0.1649,0
10:05:28,21144,3.0410,0.1647,0
10:05:33,21156,6.9300,0.1645,0
10:05:38,21166,4.2670,0.1644,0
10:05:43,21188,11.5330,0.1642,0
10:05:48,21211,3.0880,0.1639,0
10:05:53,21236,3.9940,0.1636,1
10:05:59,21241,6.0240,0.1636,0
10:06:04,21264,10.5020,0.1633,0
10:06:10,21271,0.2930,0.1632,0
10:06:16,21282,7.5250,0.1631,0
10:06:21,21297,1.4900,0.1629,0
10:06:28,21323,9.9580,0.1626,0
10:06:33,21338,2.0730,0.1625,0
10:06:38,21354,-0.0250,0.1623,0
10:06:44,21367,10.5480,0.1622,0
10:06:49,21394,1.1640,0.1619,0
10:06:54,21406,0.5990,0.1617,0
10:06:59,21417,3.9150,0.1616,0
10:07:04,21431,-0.0200,0.1614,0
10:07:10,21444,7.2320,0.1613,0
10:07:15,21468,6.3520,0.1610,0
10:07:20,21478,4.1890,0.1609,0
10:07:25,21502,8.2330,0.1606,0
10:07:31,21509,0.5930,0.1606,0
10:07:39,21528,13.3850,0.1604,0
10:07:45,21543,10.5780,0.1602,0
10:07:50,21556,1.1850,0.1601,0
10:07:57,21572,7.8570,0.1599,0
10:08:02,21585,9.9870,0.1597,0
10:08:08,21602,5.1020,0.1595,0
10:08:13,21621,12.3800,0.1593,0
10:08:19,21632,8.4460,0.1592,0
10:08:25,21648,13.3020,0.1590,0
10:08:31,21663,0.8720,0.1589,0
10:08:36,21685,-0.0310,0.1586,0
10:08:42,21699,11.1700,0.1585,0
10:08:47,21713,1.7780,0.1583,0
10:08:53,21730,9.4030,0.1582,0
10:08:58,21753,12.4960,0.1579,0
10:09:03,21764,9.9640,0.1578,0
10:09:08,21776,6.3340,0.1577,0
10:09:14,21791,7.8350,0.1575,0
10:09:19,21806,2.6780,0.1573,0
10:09:24,21820,-0.0200,0.1572,0
10:09:29,21844,5.1260,0.1569,0
10:09:34,21856,4.5260,0.1568,0
10:09:40,21871,8.7850,0.1566,0
10:09:45,21882,10.2810,0.1565,0
10:09:50,21893,5.1830,0.1564,0
10:09:56,21902,7.8740,0.1563,0
10:10:02,21916,9.9200,0.1562,0
10:10:08,21923,5.6880,0.1561,0
10:10:14,21936,7.8180,0.1559,0
10:10:20,21949,7.2660,0.1558,0
10:10:25,21968,12.6820,0.1556,0
10:10:32,21986,5.1530,0.1554,0
10:10:37,21999,5.6980,0.1553,0
10:10:42,22008,3.6290,0.1552,0
10:10:47,22018,9.3380,0.1551,0
10:10:52,22029,4.5280,0.1550,0
10:10:58,22048,12.6750,0.1548,0
10:11:03,22075,0.0690,0.1545,0
10:11:09,22090,3.0330,0.1543,0
10:11:14,22104,3.0840,0.1542,0
10:11:20,22126,2.1160,0.1540,0
10:11:26,22142,9.3530,0.1538,0
10:11:32,22159,8.4710,0.1536,0
10:11:37,22170,7.2560,0.1535,0
10:11:43,22192,12.4680,0.1533,0
10:11:48,22218,1.8470,0.1530,0
10:11:53,22250,0.1320,0.1527,0
10:11:58,22275,-0.0390,0.1524,0
10:12:05,22296,7.9090,0.1522,0
10:12:11,22312,7.2240,0.1520,0
10:12:16,22334,3.3490,0.1518,0
10:12:23,22351,1.7890,0.1516,0
10:12:30,22360,2.4180,0.1516,0
10:12:35,22385,9.3670,0.1513,0
10:12:40,22397,1.5030,0.1512,0
10:12:45,22408,5.4090,0.1511,1
10:12:50,22418,4.5340,0.1510,0
10:12:56,22430,5.7360,0.1508,0
10:13:01,22440,9.6100,0.1507,0
10:13:08,22449,2.1040,0.1507,0
10:13:13,22459,7.5190,0.1506,0
10:13:18,22470,1.4850,0.1504,0
10:13:23,22491,11.1960,0.1502,1
10:13:30,22500,3.9450,0.1501,0
10:13:36,22522,6.6550,0.1499,0
10:13:41,22547,6.0470,0.1497,0
10:13:46,22566,2.1540,0.1495,0
10:13:51,22590,2.4850,0.1492,0
10:13:56,22617,8.1270,0.1490,0
10:14:01,22640,3.9100,0.1487,0
10:14:07,22667,3.7000,0.1485,0
10:14:12,22682,2.4320,0.1483,0
10:14:18,22703,8.1520,0.1481,0
10:14:23,22727,10.5650,0.1479,0
10:14:28,22743,0.2800,0.1477,1
10:14:35,22751,3.8970,0.1477,0
10:14:40,22776,6.9680,0.1474,0
10:14:45,22798,7.8940,0.1472,0
10:14:50,22822,0.0490,0.1470,0
10:14:56,22847,-0.0270,0.1467,0
10:15:02,22858,4.5690,0.1466,0
10:15:08,22873,12.3540,0.1465,0
10:15:13,22883,5.7240,0.1464,0
10:15:19,22904,-0.0360,0.1462,0
10:15:25,22922,4.2060,0.1460,0
10:15:31,22942,7.1950,0.1458,0
10:15:37,22954,2.0900,0.1457,0
10:15:42,22976,10.6030,0.1455,0
10:15:48,22987,4.4970,0.1454,0
10:15:53,23013,5.7530,0.1451,0
10:16:01,23025,3.2880,0.1450,0
10:16:08,23039,4.7890,0.1449,0
10:16:14,23052,10.5770,0.1448,0
10:16:20,23073,0.5980,0.1446,0
10:16:25,23092,8.4880,0.1444,0
10:16:30,23111,3.9130,0.1442,1
10:16:38,23122,5.7310,0.1441,0
10:16:44,23142,2.4070,0.1439,0
10:16:50,23156,2.6970,0.1438,0
10:16:55,23168,6.9080,0.1437,0
10:17:02,23186,9.6480,0.1435,0
10:17:07,23198,7.2230,0.1434,0
10:17:14,23221,9.0480,0.1432,0
10:17:20,23244,7.1880,0.1430,1
10:17:26,23251,-0.0120,0.1429,0
10:17:32,23270,2.9980,0.1427,0
10:17:37,23292,10.0390,0.1425,0
10:17:44,23315,3.5920,0.1423,0
10:17:51,23323,3.5910,0.1422,0
10:17:56,23339,1.4810,0.1421,0
10:18:01,23349,8.4220,0.1420,0
10:18:06,23360,0.8770,0.1419,0
10:18:12,23371,3.6500,0.1418,0
10:18:17,23384,2.1090,0.1417,0
10:18:23,23397,9.0700,0.1415,0
10:18:29,23412,6.3100,0.1414,0
10:18:34,23423,6.0400,0.1413,0
10:18:39,23436,7.5510,0.1412,0
10:18:44,23447,5.4570,0.1411,0
10:18:49,23473,2.6900,0.1409,1
10:18:57,23489,2.0870,0.1407,0
10:19:02,23501,4.8370,0.1406,0
10:19:09,23519,8.7960,0.1404,0
10:19:16,23541,8.7960,0.1402,0
10:19:22,23552,9.3440,0.1401,0
10:19:29,23571,10.0320,0.1400,0
10:19:34,23588,9.6270,0.1398,0
10:19:42,23614,1.5280,0.1396,0
10:19:47,23639,10.5310,0.1394,0
10:19:52,23664,0.5560,0.1391,0
10:19:57,23688,2.4250,0.1389,0
10:20:02,23711,6.9640,0.1387,0
10:20:07,23732,6.3840,0.1385,0
10:20:12,23761,0.8850,0.1383,0
10:20:20,23777,5.0830,0.1381,0
10:20:25,23791,1.1830,0.1380,0
10:20:31,23811,6.6720,0.1378,0
10:20:36,23820,3.6460,0.1378,0
10:20:41,23841,8.1890,0.1376,0
10:20:46,23858,11.1620,0.1374,0
10:20:51,23870,5.0970,0.1373,0
10:20:56,23881,3.9020,0.1372,0
10:21:01,23905,2.8930,0.1370,0
10:21:06,23951,10.5450,0.1366,0
10:21:12,23986,9.4290,0.1363,0
10:21:17,24032,9.0450,0.1359,0
10:21:23,24078,2.0350,0.1355,0
10:21:28,24124,2.6960,0.1351,0
10:21:34,24161,0.0360,0.1348,0
10:21:39,24186,1.1920,0.1346,0
10:21:44,24232,11.1610,0.1342,0
10:21:49,24278,3.0310,0.1338,0
10:21:54,24324,0.5910,0.1334,0
10:21:59,24370,1.4490,0.1331,0
10:22:04,24416,0.6580,0.1327,0
10:22:10,24445,0.2200,0.1324,0
10:22:15,24491,13.4560,0.1321,0
10:22:20,24537,2.1240,0.1317,0
10:22:25,24562,7.3160,0.1315,0
10:22:30,24608,9.8760,0.1311,0
10:22:35,24654,3.0520,0.1307,0
10:22:40,24679,3.0160,0.1305,0
10:22:47,24725,15.0430,0.1302,0
10:22:52,24771,12.5230,0.1298,0
10:22:58,24796,5.2770,0.1296,0
10:23:03,24842,15.7810,0.1292,0
10:23:08,24867,9.9790,0.1290,0
10:23:13,24892,8.2500,0.1288,0
10:23:18,24938,14.1320,0.1285,0
10:23:23,24984,2.1330,0.1281,0
10:23:28,25030,1.4170,0.1278,0
10:23:35,25076,4.6820,0.1274,0
10:23:40,25122,12.2610,0.1270,0
10:23:47,25161,11.0210,0.1267,0
10:23:53,25199,6.6590,0.1265,0
10:23:58,25245,4.3370,0.1261,0
10:24:05,25282,0.6790,0.1258,0
10:24:10,25328,7.7730,0.1255,0
10:24:15,25374,7.9020,0.1251,0
10:24:22,25417,0.8640,0.1248,0
10:24:27,25463,15.0600,0.1245,0
10:24:32,25489,10.1620,0.1243,0
10:24:37,25535,14.7600,0.1239,0
10:24:42,25561,5.4910,0.1237,0
10:24:47,25607,11.2700,0.1234,0
10:24:55,25652,9.4190,0.1231,0
10:25:00,25698,11.2780,0.1227,0
10:25:05,25723,3.3810,0.1225,0
10:25:12,25769,17.3710,0.1222,0
10:25:17,25815,9.6490,0.1219,0
10:25:22,25861,0.8180,0.1216,0
10:25:27,25907,1.7360,0.1212,0
10:25:32,25932,0.6330,0.1210,0
10:25:37,25978,9.9080,0.1207,0
10:25:42,26024,9.2620,0.1204,0
10:25:48,26053,4.2430,0.1202,0
10:25:53,26099,13.0620,0.1199,0
10:26:00,26142,8.8000,0.1196,0
10:26:05,26188,15.3810,0.1193,0
10:26:12,26230,9.4820,0.1190,0
10:26:19,26272,14.3470,0.1187,0
10:26:26,26316,10.4600,0.1184,0
10:26:31,26362,7.7150,0.1181,0
10:26:36,26387,0.5700,0.1179,0
10:26:41,26433,12.2980,0.1176,0
10:26:46,26479,4.1130,0.1173,0
10:26:51,26525,1.1590,0.1170,0
10:26:56,26550,0.5590,0.1168,0
10:27:02,26596,14.0490,0.1165,0
10:27:07,26642,8.0960,0.1162,0
10:27:12,26667,5.8880,0.1160,0
10:27:17,26692,7.6810,0.1158,0
10:27:22,26738,10.7090,0.1155,0
10:27:27,26766,6.7440,0.1154,0
10:27:32,26812,11.6980,0.1151,0
10:27:37,26858,12.8970,0.1148,0
10:27:42,26883,7.0660,0.1146,0
10:27:47,26908,8.8520,0.1144,0
10:27:55,26953,12.9230,0.1142,0
10:28:00,26999,12.1440,0.1139,0
10:28:05,27024,9.8350,0.1137,0
10:28:10,27049,11.3260,0.1135,0
10:28:15,27095,10.3580,0.1132,0
10:28:21,27131,8.5720,0.1130,0
10:28:26,27177,6.6800,0.1127,0
10:28:33,27218,7.2880,0.1125,0
10:28:38,27264,14.8150,0.1122,0
10:28:43,27289,2.0810,0.1120,0
10:28:48,27335,8.7790,0.1117,0
10:28:55,27377,9.8530,0.1115,0
10:29:00,27403,8.8620,0.1113,0
10:29:05,27449,10.4170,0.1110,0
10:29:10,27495,13.4760,0.1108,1
10:29:16,27520,1.5250,0.1106,0
10:29:21,27566,0.0270,0.1103,0
10:29:26,27591,1.8390,0.1102,0
10:29:32,27629,14.7210,0.1100,0
10:29:37,27675,11.0290,0.1097,0
10:29:42,27721,7.3930,0.1094,0
10:29:47,27767,-0.0810,0.1091,0
10:29:52,27813,-0.0470,0.1089,0
10:29:57,27838,6.0900,0.1087,0
10:30:03,27868,11.8990,0.1085,0
10:30:08,27914,16.3890,0.1083,0
10:30:14,27943,7.0500,0.1081,0
10:30:20,27979,5.0830,0.1079,0
10:30:25,28025,11.4790,0.1076,0
10:30:30,28070,1.7280,0.1074,0
10:30:35,28116,1.3400,0.1071,0
10:30:40,28141,6.0290,0.1070,0
10:30:45,28187,9.1180,0.1067,0
10:30:52,28227,9.5990,0.1065,0
10:30:57,28273,8.2600,0.1062,0
10:31:02,28302,9.5970,0.1061,0
10:31:07,28348,8.0470,0.1058,0
10:31:12,28394,14.8380,0.1055,0
10:31:18,28419,0.5820,0.1054,0
10:31:23,28465,13.7430,0.1052,0
10:31:28,28490,7.6070,0.1050,0
10:31:33,28536,15.3320,0.1048,0
10:31:38,28561,0.9210,0.1046,0
10:31:44,28600,15.2300,0.1044,0
10:31:49,28625,8.1930,0.1043,0
10:31:55,28671,16.2170,0.1040,0
10:32:00,28696,6.9520,0.1039,0
10:32:05,28742,6.9300,0.1036,0
10:32:10,28767,2.7310,0.1035,0
10:32:15,28813,0.3960,0.1033,0
10:32:20,28838,7.8280,0.1031,0
10:32:25,28884,15.6420,0.1029,0
10:32:30,28909,3.0630,0.1028,0
10:32:35,28934,7.0210,0.1026,0
10:32:40,28980,10.5970,0.1024,0
10:32:45,29026,6.0850,0.1021,0
10:32:50,29051,4.6720,0.1020,0
10:32:57,29092,16.6190,0.1018,0
10:33:02,29116,4.5020,0.1017,0
10:33:07,29144,4.5170,0.1015,0
10:33:12,29190,12.4220,0.1013,0
10:33:17,29236,9.5530,0.1011,0
10:33:22,29260,1.1850,0.1009,0
10:33:28,29291,9.6750,0.1008,0
10:33:33,29337,18.8060,0.1005,0
10:33:38,29362,4.9360,0.1004,0
10:33:43,29408,13.0830,0.1002,0
10:33:48,29433,4.6730,0.1001,0
10:33:55,29470,15.9510,0.0999,0
10:34:01,29506,16.8340,0.0997,0
10:34:06,29552,15.8960,0.0995,0
10:34:13,29589,6.7630,0.0993,0
10:34:18,29635,15.6650,0.0991,0
10:34:23,29660,5.5280,0.0989,0
10:34:28,29706,14.6140,0.0987,1
10:34:33,29731,4.5410,0.0986,0
10:34:40,29771,11.5150,0.0984,0
10:34:45,29796,1.5070,0.0983,0
10:34:50,29842,13.0300,0.0981,0
10:34:55,29888,13.1180,0.0978,0
10:35:00,29934,9.8320,0.0976,0
10:35:05,29959,8.9890,0.0975,0
10:35:11,29997,14.5060,0.0973,0
10:35:16,30043,16.4740,0.0971,0
10:35:22,30068,7.9850,0.0970,0
10:35:27,30093,2.7280,0.0969,0
10:35:32,30118,3.0830,0.0967,0
10:35:39,30162,16.2200,0.0965,0
10:35:44,30208,15.9230,0.0963,0
10:35:49,30235,7.3850,0.0962,0
10:35:54,30281,15.0290,0.0960,0
10:36:00,30310,9.2600,0.0959,0
10:36:05,30356,13.0240,0.0956,0
10:36:10,30381,4.9460,0.0955,0
10:36:16,30417,14.7500,0.0954,0
10:36:21,30463,10.4500,0.0952,0
10:36:26,30509,10.9550,0.0950,0
10:36:31,30555,6.4480,0.0947,0
10:36:36,30580,6.4930,0.0946,0
10:36:42,30612,11.0230,0.0945,0
10:36:49,30654,15.6300,0.0943,0
10:36:54,30700,18.4130,0.0941,0
10:36:59,30725,5.5790,0.0940,0
10:37:05,30758,12.8130,0.0938,0
10:37:10,30804,11.3060,0.0936,0
10:37:15,30850,10.0180,0.0934,0
10:37:21,30875,4.0120,0.0933,0
10:37:26,30921,15.6030,0.0931,0
10:37:31,30967,10.5040,0.0929,0
10:37:36,31013,8.4360,0.0927,0
10:37:41,31038,10.7920,0.0926,0
10:37:48,31083,17.5170,0.0924,0
10:37:53,31129,14.6730,0.0923,0
10:37:58,31175,8.5040,0.0921,0
10:38:04,31204,5.5090,0.0919,0
10:38:09,31250,13.6310,0.0917,0
10:38:14,31296,15.4280,0.0916,0
10:38:19,31342,11.2530,0.0914,1
10:38:24,31366,6.8130,0.0913,0
10:38:29,31412,14.5030,0.0911,0
10:38:34,31437,7.5750,0.0910,0
10:38:40,31471,12.8360,0.0908,0
10:38:45,31517,14.1200,0.0906,0
10:38:52,31557,9.3280,0.0905,0
10:38:57,31582,7.9520,0.0904,0
10:39:02,31628,10.6140,0.0902,0
10:39:07,31674,15.0780,0.0900,0
10:39:12,31720,6.6380,0.0898,0
10:39:18,31752,7.4420,0.0897,0
10:39:23,31798,17.5430,0.0895,0
10:39:30,31837,11.6770,0.0894,0
10:39:35,31883,13.4450,0.0892,0
10:39:40,31929,14.2290,0.0890,0
10:39:45,31975,9.7850,0.0888,1
10:39:50,32000,11.9660,0.0887,1
10:39:55,32025,4.2400,0.0886,0
10:40:00,32071,16.8890,0.0885,0
10:40:05,32117,6.2040,0.0883,0
10:40:10,32163,1.4860,0.0881,0
10:40:15,32209,1.5010,0.0879,0
10:40:20,32255,5.2070,0.0878,0
10:40:25,32280,3.7320,0.0877,0
10:40:30,32326,15.6370,0.0875,0
10:40:37,32365,10.1640,0.0873,0
10:40:42,32411,19.2840,0.0872,0
10:40:47,32436,7.7000,0.0871,0
10:40:52,32482,17.5500,0.0869,0
10:40:57,32507,4.9260,0.0868,0
10:41:02,32553,10.6770,0.0866,0
10:41:08,32582,9.8310,0.0865,0
10:41:13,32607,10.3710,0.0864,0
10:41:18,32653,14.4250,0.0863,0
10:41:23,32699,13.5110,0.0861,0
10:41:28,32724,10.0470,0.0860,0
10:41:33,32748,9.1660,0.0859,0
10:41:39,32787,17.1500,0.0858,0
10:41:47,32832,16.5300,0.0856,0
10:41:52,32878,11.8860,0.0855,0
10:41:57,32924,14.2070,0.0853,0
10:42:02,32970,12.0310,0.0851,0
10:42:07,32995,3.2330,0.0851,0
10:42:12,33041,18.8220,0.0849,0
10:42:17,33066,7.8760,0.0848,0
10:42:22,33112,18.0510,0.0847,0
10:42:27,33137,3.7030,0.0846,0
10:42:32,33183,18.9310,0.0844,0
10:42:37,33208,6.7580,0.0843,0
10:42:42,33254,14.7900,0.0842,0
10:42:47,33300,15.4530,0.0840,0
10:42:52,33325,8.3270,0.0839,0
10:42:58,33350,8.5850,0.0838,0
10:43:03,33396,15.5780,0.0837,0
10:43:09,33435,12.2720,0.0836,0
10:43:14,33481,17.9150,0.0834,0
10:43:20,33511,11.0680,0.0833,0
10:43:25,33557,15.9020,0.0831,0
10:43:30,33603,14.4730,0.0830,0
10:43:35,33628,6.2270,0.0829,0
10:43:42,33673,14.0570,0.0828,0
10:43:47,33719,17.4850,0.0826,0
10:43:52,33744,6.4530,0.0825,0
10:43:57,33790,13.6490,0.0824,0
10:44:02,33836,1.4410,0.0822,0
10:44:10,33880,-0.0140,0.0821,0
10:44:15,33926,15.3210,0.0819,0
10:44:20,33972,13.0360,0.0818,0
10:44:26,34008,8.6600,0.0817,0
10:44:32,34041,15.2230,0.0816,0
10:44:37,34087,14.6920,0.0814,0
10:44:42,34133,5.7840,0.0813,0
10:44:47,34179,4.1080,0.0811,0
10:44:54,34225,10.5000,0.0810,0
10:45:00,34271,18.1810,0.0809,0
10:45:05,34317,11.3100,0.0807,0
10:45:10,34343,11.5030,0.0806,0
10:45:15,34389,15.3090,0.0805,0
10:45:20,34435,13.0520,0.0804,0
10:45:25,34481,7.5140,0.0802,0
10:45:30,34505,9.9510,0.0801,0
10:45:36,34544,15.0770,0.0800,0
10:45:41,34590,10.7010,0.0799,0
10:45:46,34636,19.0730,0.0798,0
10:45:53,34676,10.2170,0.0796,0
10:45:58,34722,16.3010,0.0795,0
10:46:03,34768,14.1660,0.0794,0
10:46:08,34794,11.0070,0.0793,0
10:46:14,34840,15.3580,0.0792,0
10:46:19,34886,9.7780,0.0790,0
10:46:25,34923,14.5970,0.0789,0
10:46:30,34969,20.6490,0.0788,0
10:46:35,35015,13.5340,0.0786,0
10:46:40,35040,8.1090,0.0786,0
10:46:45,35086,16.9780,0.0784,0
10:46:50,35132,9.4140,0.0783,0
10:46:55,35178,0.9170,0.0782,0
10:47:00,35224,1.7190,0.0781,0
10:47:07,35264,10.0070,0.0779,0
10:47:12,35310,11.6310,0.0778,0
10:47:17,35335,8.8360,0.0777,0
10:47:22,35381,7.6100,0.0776,0
10:47:27,35405,5.4740,0.0776,0
10:47:32,35451,13.0390,0.0774,0
10:47:37,35475,6.1810,0.0774,0
10:47:42,35521,20.0440,0.0772,0
10:47:47,35567,8.2450,0.0771,0
10:47:52,35613,8.9850,0.0770,0
10:47:57,35638,9.0390,0.0769,0
10:48:04,35680,16.8730,0.0768,0
10:48:09,35726,13.5080,0.0767,0
10:48:15,35759,12.2590,0.0766,0
10:48:23,35803,15.3370,0.0765,0
10:48:28,35849,17.1460,0.0764,0
10:48:33,35895,13.5380,0.0762,0
10:48:38,35920,7.0350,0.0762,0
10:48:43,35966,18.3100,0.0760,0
10:48:48,36012,8.8970,0.0759,0
10:48:53,36058,6.9080,0.0758,0
10:48:58,36083,11.1460,0.0757,0
10:49:03,36108,4.2760,0.0757,0
10:49:08,36133,10.6050,0.0756,0
10:49:13,36157,3.9400,0.0756,0
10:49:18,36203,20.9300,0.0754,0
10:49:23,36228,6.7760,0.0754,0
10:49:28,36274,16.2090,0.0753,0
10:49:33,36320,10.9170,0.0751,0
10:49:40,36365,14.1800,0.0750,0
10:49:45,36411,18.1340,0.0749,0
10:49:51,36436,8.2910,0.0749,0
10:49:56,36482,16.5720,0.0747,0
10:50:01,36510,9.5920,0.0747,0
10:50:06,36556,16.5680,0.0746,0
10:50:11,36602,13.2940,0.0744,0
10:50:16,36629,10.0930,0.0744,0
10:50:21,36654,8.1570,0.0743,0
10:50:27,36685,7.9080,0.0742,0
10:50:33,36714,5.4130,0.0742,0
10:50:38,36760,13.3050,0.0741,0
10:50:43,36806,13.1810,0.0739,0
10:50:48,36852,8.2900,0.0738,0
10:50:53,36898,-0.0910,0.0737,0
10:50:58,36944,0.8240,0.0736,1
10:51:03,36969,10.9910,0.0736,0
10:51:08,36994,7.6990,0.0735,0
10:51:13,37040,18.6620,0.0734,0
10:51:20,37085,10.0450,0.0733,0
10:51:25,37131,19.3560,0.0732,0
10:51:31,37156,5.5330,0.0731,0
10:51:37,37192,15.9880,0.0730,0
10:51:42,37238,17.5770,0.0729,0
10:51:47,37263,8.9470,0.0729,0
10:51:53,37296,13.5190,0.0728,0
10:51:58,37342,14.1100,0.0727,0
10:52:05,37387,11.2810,0.0726,0
10:52:11,37416,9.8160,0.0725,0
10:52:16,37462,13.4210,0.0724,0
10:52:21,37487,7.4170,0.0724,0
10:52:26,37533,20.9900,0.0723,0
10:52:31,37579,12.2880,0.0722,0
10:52:36,37625,1.3650,0.0721,0
10:52:42,37656,4.8030,0.0720,0
10:52:47,37702,18.7730,0.0719,0
10:52:52,37727,6.8300,0.0718,0
10:52:59,37769,17.2090,0.0718,0
10:53:04,37815,20.3920,0.0717,0
10:53:09,37861,13.2700,0.0716,0
10:53:14,37886,9.9780,0.0715,0
10:53:19,37932,19.3400,0.0714,0
10:53:24,37978,8.2700,0.0713,0
10:53:29,38024,4.0840,0.0712,0
10:53:34,38049,3.6240,0.0712,0
10:53:39,38095,17.0080,0.0711,0
10:53:44,38141,12.6440,0.0710,0
10:53:51,38181,11.9280,0.0709,0
10:53:56,38227,17.5310,0.0708,0
10:54:01,38273,8.7790,0.0707,0
10:54:06,38319,7.7930,0.0706,0
10:54:11,38344,4.7890,0.0705,0
10:54:16,38390,17.8040,0.0704,0
10:54:21,38436,13.4640,0.0703,0
10:54:27,38464,9.9750,0.0703,0
10:54:32,38510,18.4560,0.0702,0
10:54:37,38556,1.3130,0.0701,0
10:54:42,38602,3.4250,0.0700,0
10:54:47,38627,1.5610,0.0700,0
10:54:52,38673,13.4400,0.0699,0
10:54:57,38719,4.5340,0.0698,0
10:55:02,38765,12.3660,0.0697,0
10:55:07,38790,5.8970,0.0696,0
10:55:14,38830,15.9390,0.0696,0
10:55:19,38876,12.8560,0.0695,0
10:55:24,38922,14.5280,0.0694,0
10:55:29,38968,10.5080,0.0693,0
10:55:34,38993,12.6750,0.0692,0
10:55:39,39039,13.3200,0.0692,0
10:55:44,39066,8.9150,0.0691,0
10:55:51,39104,14.6780,0.0690,0
10:55:56,39150,16.8020,0.0689,0
10:56:01,39196,14.0150,0.0689,0
10:56:06,39221,9.1590,0.0688,0
10:56:11,39267,18.3460,0.0687,0
10:56:16,39292,7.4710,0.0687,0
10:56:21,39338,16.9200,0.0686,0
10:56:26,39363,8.9930,0.0685,0
10:56:31,39409,18.1190,0.0685,0
10:56:37,39455,12.9060,0.0684,0
10:56:42,39484,5.5530,0.0683,0
10:56:47,39530,16.9630,0.0682,0
10:56:52,39555,8.2570,0.0682,0
10:56:59,39600,15.0630,0.0681,0
10:57:05,39646,20.8540,0.0680,0
10:57:10,39671,11.6410,0.0680,0
10:57:15,39695,8.2780,0.0679,0
10:57:20,39741,15.6600,0.0679,0
10:57:25,39787,13.8340,0.0678,0
10:57:32,39831,11.9240,0.0677,0
10:57:38,39869,16.4860,0.0676,0
10:57:43,39915,9.3630,0.0676,0
10:57:48,39961,19.7680,0.0675,0
10:57:54,39986,8.5920,0.0674,0
10:57:59,40032,16.2170,0.0673,0
10:58:04,40078,13.8720,0.0673,0
10:58:09,40108,9.0660,0.0672,0
10:58:14,40154,19.5180,0.0671,0
10:58:19,40179,8.9160,0.0671,0
10:58:26,40217,16.3300,0.0670,0
10:58:31,40263,19.6100,0.0669,0
10:58:36,40288,7.4430,0.0669,0
10:58:41,40334,21.5490,0.0668,0
10:58:48,40375,18.2920,0.0668,0
10:58:54,40412,16.5010,0.0667,0
10:59:02,40458,17.8370,0.0666,0
10:59:07,40504,16.8680,0.0665,0
10:59:12,40529,8.0130,0.0665,0
10:59:17,40575,19.0720,0.0664,0
10:59:22,40621,6.3530,0.0664,0
10:59:27,40646,7.4070,0.0663,0
10:59:34,40684,17.8190,0.0663,0
10:59:39,40730,21.4520,0.0662,0
10:59:44,40755,8.6330,0.0661,0
10:59:49,40801,20.9100,0.0661,0
10:59:55,40837,14.9820,0.0660,0
11:00:02,40878,17.1880,0.0659,0
11:00:08,40914,14.8100,0.0659,0
11:00:13,40960,16.6140,0.0658,0
11:00:18,40985,9.5030,0.0658,0
11:00:23,41031,18.3020,0.0657,0
11:00:28,41077,14.3420,0.0656,0
11:00:33,41101,7.0340,0.0656,0
11:00:39,41129,13.1280,0.0655,0
11:00:44,41175,18.9840,0.0655,0
11:00:49,41204,8.3850,0.0654,0
11:00:56,41247,16.3090,0.0654,0
11:01:01,41293,21.7620,0.0653,0
11:01:06,41339,7.7310,0.0652,0
11:01:12,41364,3.2880,0.0652,0
11:01:17,41410,12.9190,0.0651,0
11:01:22,41456,11.7100,0.0650,0
11:01:27,41502,12.7320,0.0650,0
11:01:32,41527,9.9030,0.0649,0
11:01:37,41573,11.3500,0.0649,0
11:01:42,41619,10.5060,0.0648,0
11:01:47,41650,10.9280,0.0648,0
11:01:53,41675,8.1900,0.0647,0
11:01:58,41700,7.6310,0.0647,0
11:02:03,41746,18.8310,0.0646,0
11:02:08,41771,10.0760,0.0646,0
11:02:13,41817,19.8940,0.0645,1
11:02:18,41842,12.8330,0.0645,0
11:02:23,41866,3.3740,0.0644,0
11:02:29,41899,12.9640,0.0644,0
11:02:34,41945,17.3030,0.0643,0
11:02:39,41991,14.2050,0.0643,0
11:02:45,42022,9.9740,0.0642,0
11:02:50,42068,19.9520,0.0642,0
11:02:55,42114,13.5580,0.0641,0
11:03:00,42139,10.0370,0.0641,0
11:03:05,42185,16.1920,0.0640,0
11:03:10,42231,3.9040,0.0639,0
11:03:15,42256,2.5860,0.0639,0
11:03:20,42302,18.9830,0.0638,0
11:03:25,42348,16.6680,0.0638,0
11:03:30,42373,12.3980,0.0637,0
11:03:35,42419,19.4420,0.0637,0
11:03:40,42444,11.2030,0.0636,0
11:03:45,42490,19.0700,0.0636,0
11:03:50,42515,6.6820,0.0635,0
11:03:55,42561,17.8080,0.0635,0
11:04:00,42607,4.7830,0.0634,0
11:04:06,42653,-0.0850,0.0633,0
11:04:11,42699,0.0020,0.0633,0
11:04:16,42745,1.2090,0.0632,0
11:04:21,42791,7.0510,0.0632,0
11:04:26,42816,10.6560,0.0631,0
11:04:31,42862,16.2040,0.0631,0
11:04:36,42908,13.6060,0.0630,0
11:04:41,42933,7.9080,0.0630,0
11:04:46,42979,21.3090,0.0629,0
11:04:53,43020,10.4410,0.0629,0
11:04:58,43066,19.3990,0.0628,0
11:05:03,43091,7.7580,0.0628,0
11:05:08,43137,19.5750,0.0627,0
11:05:13,43183,13.3850,0.0627,1
11:05:20,43202,7.8740,0.0626,0
11:05:26,43241,13.8040,0.0626,0
11:05:32,43287,16.3280,0.0625,0
11:05:37,43333,11.6080,0.0625,0
11:05:44,43377,12.2350,0.0624,0
11:05:49,43423,19.0760,0.0624,0
11:05:55,43462,14.1240,0.0623,0
11:06:01,43508,14.7230,0.0623,0
11:06:06,43554,16.3780,0.0622,0
11:06:11,43581,10.3940,0.0622,0
11:06:16,43627,19.9860,0.0621,0
11:06:21,43673,15.5490,0.0621,0
11:06:26,43698,11.1360,0.0620,0
11:06:31,43744,19.6060,0.0620,0
11:06:36,43770,8.5840,0.0619,0
11:06:41,43816,21.4540,0.0619,0
11:06:48,43857,17.6440,0.0618,0
11:06:53,43903,20.9090,0.0618,0
11:06:58,43928,8.6330,0.0617,0
11:07:05,43969,20.0010,0.0617,0
11:07:10,44015,14.9770,0.0616,0
11:07:16,44043,9.1810,0.0616,0
11:07:21,44089,16.1350,0.0616,0
11:07:27,44123,10.1100,0.0615,0
11:07:32,44169,15.9040,0.0615,0
11:07:39,44215,11.8950,0.0614,0
11:07:44,44261,16.8670,0.0614,0
11:07:49,44307,13.3210,0.0613,0
11:07:54,44333,8.8710,0.0613,0
11:07:59,44379,15.9390,0.0612,0
11:08:05,44425,11.3360,0.0612,0
11:08:10,44450,1.7010,0.0612,0
11:08:15,44496,14.6550,0.0611,0
11:08:20,44542,14.1660,0.0610,0
11:08:25,44570,9.7480,0.0610,0
11:08:30,44616,17.2010,0.0610,0
11:08:35,44662,12.2560,0.0609,0
11:08:41,44697,11.6120,0.0609,0
11:08:47,44743,16.4510,0.0608,0
11:08:52,44789,10.7050,0.0608,0
11:08:57,44835,3.5770,0.0607,0
11:09:03,44872,6.0580,0.0607,0
11:09:08,44918,17.8810,0.0606,0
11:09:13,44964,15.7170,0.0606,0
11:09:18,44989,9.0710,0.0606,0
11:09:23,45035,21.1540,0.0605,0
11:09:28,45060,11.9850,0.0605,0
11:09:33,45106,17.4870,0.0604,0
11:09:40,45147,9.8640,0.0604,0
11:09:45,45193,19.6280,0.0604,0
11:09:52,45229,8.6720,0.0603,0
11:09:57,45275,17.8100,0.0603,0
11:10:02,45321,13.5550,0.0602,0
11:10:07,45353,10.0180,0.0602,0
11:10:13,45399,19.3670,0.0601,0
11:10:18,45424,4.9330,0.0601,0
11:10:24,45465,18.6310,0.0601,0
11:10:30,45511,19.9790,0.0600,0
11:10:35,45557,13.5510,0.0600,0
11:10:40,45582,5.4310,0.0600,0
11:10:45,45628,18.7410,0.0599,0
11:10:51,45663,12.6350,0.0599,0
11:10:56,45709,14.6790,0.0598,0
11:11:01,45755,13.2310,0.0598,0
11:11:08,45795,10.7480,0.0597,0
11:11:13,45841,19.0270,0.0597,0
11:11:18,45887,17.8460,0.0597,0
11:11:23,45911,12.3420,0.0596,0
11:11:28,45957,15.7510,0.0596,0
11:11:34,45992,14.9560,0.0596,0
11:11:39,46038,21.3390,0.0595,0
11:11:44,46084,1.7280,0.0595,0
11:11:49,46130,3.9010,0.0594,0
11:11:55,46164,11.9080,0.0594,0
11:12:00,46210,16.6160,0.0594,0
11:12:05,46256,17.3450,0.0593,0
11:12:10,46281,6.0090,0.0593,0
11:12:17,46323,19.9340,0.0592,0
11:12:22,46369,18.7350,0.0592,0
11:12:27,46415,12.3880,0.0592,0
11:12:32,46440,9.9840,0.0591,0
11:12:37,46486,22.3600,0.0591,0
11:12:42,46511,7.4100,0.0591,0
11:12:47,46557,19.4130,0.0590,0
11:12:53,46582,6.1970,0.0590,0
11:12:58,46628,19.1680,0.0590,0
11:13:03,46652,6.1660,0.0589,0
11:13:08,46698,17.4270,0.0589,0
11:13:13,46744,12.2240,0.0589,0
11:13:18,46773,11.3030,0.0588,0
11:13:25,46811,14.7390,0.0588,0
11:13:32,46856,16.8840,0.0588,0
11:13:39,46899,13.8030,0.0587,0
11:13:44,46945,16.6530,0.0587,0
11:13:49,46991,13.0010,0.0586,0
11:13:54,47016,5.2910,0.0586,0
11:13:59,47062,17.8200,0.0586,0
11:14:06,47099,7.4060,0.0586,0
11:14:11,47145,15.0470,0.0585,0
11:14:16,47191,6.2380,0.0585,0
11:14:21,47237,0.6130,0.0584,0
11:14:26,47283,3.4920,0.0584,0
11:14:31,47329,10.4100,0.0584,0
11:14:36,47354,6.8640,0.0583,0
11:14:41,47400,12.4890,0.0583,0
11:14:46,47446,8.8560,0.0583,0
11:14:51,47492,11.4410,0.0582,0
11:14:56,47517,11.1630,0.0582,0
11:15:01,47563,16.5980,0.0582,0
11:15:06,47609,10.8450,0.0581,0
11:15:11,47634,7.8940,0.0581,0
11:15:16,47680,21.4540,0.0581,0
11:15:21,47726,10.7260,0.0580,0
11:15:26,47751,7.8370,0.0580,0
11:15:31,47797,21.7060,0.0580,0
11:15:39,47842,17.7490,0.0579,0
11:15:44,47866,8.2500,0.0579,0
11:15:49,47912,9.4990,0.0579,0
11:15:54,47958,14.9780,0.0579,0
11:15:59,48004,12.7580,0.0578,0
11:16:04,48029,11.1750,0.0578,0
11:16:09,48075,15.7830,0.0578,0
11:16:14,48100,8.3330,0.0577,0
11:16:19,48146,18.8160,0.0577,0
11:16:24,48192,12.9930,0.0577,0
11:16:29,48217,12.7530,0.0577,0
11:16:34,48263,15.9500,0.0576,0
11:16:42,48309,16.2690,0.0576,0
11:16:47,48340,11.9200,0.0576,0
11:16:52,48386,18.1680,0.0575,0
11:16:57,48432,15.7130,0.0575,0
11:17:03,48457,6.1160,0.0575,0
11:17:08,48503,21.3760,0.0574,0
11:17:14,48540,17.3740,0.0574,0
11:17:19,48586,21.7330,0.0574,0
11:17:24,48610,6.7990,0.0574,0
11:17:29,48656,17.2360,0.0573,0
11:17:34,48702,12.9950,0.0573,0
11:17:39,48727,7.3280,0.0573,0
11:17:44,48773,20.7950,0.0572,0
11:17:50,48804,2.3170,0.0572,0
11:17:55,48829,8.2270,0.0572,0
11:18:00,48875,18.9580,0.0572,0
11:18:05,48921,13.2950,0.0571,0
11:18:10,48946,8.7920,0.0571,0
11:18:15,48972,11.9920,0.0571,0
11:18:23,49017,18.7710,0.0571,0
11:18:28,49063,18.7370,0.0570,0
11:18:33,49087,8.5470,0.0570,0
11:18:38,49133,15.9330,0.0570,0
11:18:43,49179,11.0420,0.0569,0
11:18:49,49217,7.7690,0.0569,0
11:18:54,49263,19.3790,0.0569,0
11:19:02,49308,5.7480,0.0569,0
11:19:07,49354,18.1250,0.0568,0
11:19:12,49400,6.8460,0.0568,0
11:19:19,49444,16.5540,0.0568,0
11:19:26,49486,15.5320,0.0567,0
11:19:31,49532,19.0390,0.0567,0
11:19:36,49578,14.4470,0.0567,0
11:19:41,49603,10.3010,0.0567,0
11:19:47,49632,13.9910,0.0566,0
11:19:52,49678,15.9990,0.0566,0
11:19:57,49724,19.8460,0.0566,0
11:20:02,49749,12.6690,0.0566,0
11:20:07,49795,17.4330,0.0565,0
11:20:14,49837,15.0510,0.0565,0
11:20:19,49883,16.2600,0.0565,0
11:20:24,49929,13.2800,0.0564,0
11:20:29,49955,9.4390,0.0564,0
11:20:34,50001,19.3060,0.0564,0
11:20:39,50026,10.6950,0.0564,0
11:20:44,50072,12.4460,0.0564,0
11:20:49,50118,12.2880,0.0563,0
11:20:54,50144,8.5010,0.0563,0
11:20:59,50190,18.7860,0.0563,0
11:21:04,50236,15.7010,0.0563,0
11:21:09,50260,10.0120,0.0562,0
11:21:14,50306,14.7140,0.0562,0
11:21:19,50352,13.9550,0.0562,0
11:21:25,50377,10.3450,0.0562,0
11:21:30,50423,19.3260,0.0561,0
11:21:36,50459,14.4440,0.0561,0
11:21:41,50505,18.5060,0.0561,0
11:21:46,50551,13.9150,0.0561,0
11:21:51,50576,8.5270,0.0560,0
11:21:56,50622,18.7440,0.0560,0
11:22:01,50668,13.0620,0.0560,0
11:22:06,50693,9.6810,0.0560,0
11:22:11,50739,20.7770,0.0559,0
11:22:16,50785,13.0620,0.0559,0
11:22:21,50810,7.6020,0.0559,0
11:22:26,50856,20.4440,0.0559,0
11:22:33,50892,10.5910,0.0559,0
11:22:38,50938,20.5200,0.0558,0
11:22:44,50976,12.6030,0.0558,0
11:22:49,51022,17.9150,0.0558,0
11:22:54,51068,10.1980,0.0558,0
11:23:01,51107,12.2010,0.0557,0
11:23:06,51153,19.5440,0.0557,0
11:23:11,51199,11.8580,0.0557,0
11:23:16,51224,9.0600,0.0557,0
11:23:21,51270,21.3770,0.0556,0
11:23:28,51309,11.3520,0.0556,0
11:23:33,51355,17.8050,0.0556,0
11:23:38,51401,12.3840,0.0556,0
11:23:43,51426,8.5370,0.0556,0
11:23:48,51472,17.8410,0.0555,0
11:23:53,51518,19.4000,0.0555,0
11:23:58,51543,9.7400,0.0555,0
11:24:03,51589,19.7420,0.0555,0
11:24:08,51635,13.4140,0.0554,1
11:24:14,51660,5.5570,0.0554,0
11:24:19,51706,22.3440,0.0554,0
11:24:25,51739,12.1990,0.0554,0
11:24:30,51785,16.6160,0.0554,0
11:24:35,51831,14.5020,0.0553,0
11:24:40,51858,8.8050,0.0553,0
11:24:45,51904,18.9690,0.0553,0
11:24:50,51929,10.4040,0.0553,0
11:24:55,51957,13.4380,0.0553,0
11:25:00,52003,18.9640,0.0552,0
11:25:05,52049,14.5690,0.0552,0
11:25:10,52073,10.9040,0.0552,0
11:25:16,52119,18.7030,0.0552,0
11:25:21,52149,11.2690,0.0552,0
11:25:26,52195,19.6700,0.0551,0
11:25:31,52241,9.2760,0.0551,0
11:25:38,52278,11.2780,0.0551,0
11:25:43,52324,16.6430,0.0551,0
11:25:48,52349,2.1250,0.0551,0
11:25:53,52395,19.3440,0.0550,0
11:25:58,52441,11.9030,0.0550,0
11:26:03,52471,8.5750,0.0550,0
11:26:09,52517,19.9750,0.0550,0
11:26:15,52559,18.9620,0.0550,0
11:26:22,52597,18.0940,0.0549,0
11:26:27,52643,22.0260,0.0549,0
11:26:34,52688,18.0260,0.0549,0
11:26:39,52734,18.7140,0.0549,0
11:26:44,52780,16.9020,0.0548,0
11:26:49,52804,12.3950,0.0548,0
11:26:54,52829,8.9200,0.0548,0
11:26:59,52875,18.1010,0.0548,0
11:27:04,52921,17.1920,0.0548,0
11:27:10,52946,13.0130,0.0548,0
11:27:15,52992,14.0720,0.0547,0
11:27:20,53017,5.7130,0.0547,0
11:27:25,53063,21.3140,0.0547,0
11:27:30,53109,11.5840,0.0547,0
11:27:35,53134,10.3660,0.0547,0
11:27:40,53180,20.9660,0.0547,0
11:27:45,53205,11.8420,0.0546,0
11:27:50,53251,19.0550,0.0546,0
11:27:55,53297,12.3920,0.0546,0
11:28:00,53322,9.3580,0.0546,0
11:28:05,53368,18.4110,0.0546,0
11:28:10,53414,12.9120,0.0546,0
11:28:15,53439,10.0490,0.0545,0
11:28:20,53464,7.6730,0.0545,0
11:28:28,53509,18.4030,0.0545,0
11:28:33,53555,15.9480,0.0545,0
11:28:38,53601,15.0290,0.0545,0
11:28:44,53634,6.8440,0.0545,0
11:28:49,53680,16.5790,0.0544,0
11:28:54,53726,16.2810,0.0544,0
11:28:59,53751,11.8330,0.0544,0
11:29:04,53797,19.9380,0.0544,0
11:29:09,53822,9.1720,0.0544,0
11:29:14,53868,16.3240,0.0543,0
11:29:19,53893,8.3010,0.0543,0
11:29:24,53918,10.0720,0.0543,0
11:29:29,53964,16.7490,0.0543,0
11:29:34,53989,11.9300,0.0543,0
11:29:39,54035,13.5220,0.0543,0
11:29:45,54064,7.6900,0.0543,0
11:29:51,54095,6.3670,0.0543,0
11:29:56,54141,18.6820,0.0542,0
11:30:01,54187,15.9920,0.0542,0
11:30:06,54212,12.0730,0.0542,0
11:30:12,54248,16.0240,0.0542,0
11:30:17,54294,17.3090,0.0542,0
11:30:24,54334,15.9300,0.0542,0
11:30:29,54380,22.2730,0.0541,0
11:30:34,54408,16.4300,0.0541,0
11:30:39,54454,23.0780,0.0541,0
11:30:45,54479,8.3320,0.0541,0
11:30:50,54525,19.3540,0.0541,0
11:30:56,54560,11.1200,0.0541,0
11:31:01,54606,19.1360,0.0540,0
11:31:06,54652,17.0110,0.0540,0
11:31:11,54677,4.1610,0.0540,0
11:31:18,54719,18.2930,0.0540,0
11:31:23,54765,15.3370,0.0540,0
11:31:28,54811,20.9020,0.0540,0
11:31:33,54835,13.0170,0.0539,0
11:31:38,54881,16.8980,0.0539,0
11:31:45,54926,13.6930,0.0539,0
11:31:50,54972,15.6460,0.0539,0
11:31:55,54997,3.3730,0.0539,0
11:32:00,55043,21.4720,0.0539,0
11:32:05,55067,9.2210,0.0539,0
11:32:11,55113,19.2350,0.0538,0
11:32:16,55144,7.5520,0.0538,0
11:32:21,55190,20.5310,0.0538,0
11:32:26,55236,14.2320,0.0538,0
11:32:31,55261,6.4950,0.0538,0
11:32:36,55307,21.3720,0.0538,0
11:32:41,55353,10.1150,0.0537,0
11:32:47,55378,1.2330,0.0537,0
11:32:52,55403,5.7700,0.0537,0
11:32:58,55440,10.9390,0.0537,0
11:33:03,55486,15.0080,0.0537,0
11:33:08,55532,10.6730,0.0537,0
11:33:15,55571,15.2230,0.0537,0
11:33:20,55617,19.0120,0.0537,0
11:33:26,55653,7.1900,0.0536,0
11:33:31,55699,20.9970,0.0536,0
11:33:36,55745,15.1020,0.0536,0
11:33:41,55770,14.4900,0.0536,0
11:33:48,55806,18.9460,0.0536,0
11:33:53,55852,18.3810,0.0536,0
11:33:58,55898,13.5340,0.0535,0
11:34:03,55923,6.1480,0.0535,0
11:34:08,55948,7.6410,0.0535,0
11:34:13,55994,20.1440,0.0535,0
11:34:18,56019,9.4210,0.0535,0
11:34:23,56044,10.6750,0.0535,0
11:34:28,56090,21.6760,0.0535,0
11:34:35,56134,16.2380,0.0535,0
11:34:40,56180,18.1320,0.0535,0
11:34:45,56226,17.2150,0.0534,0
11:34:50,56251,11.6520,0.0534,0
11:34:55,56297,19.0850,0.0534,0
11:35:01,56329,10.7310,0.0534,0
11:35:06,56375,17.5470,0.0534,0
11:35:11,56400,10.9740,0.0534,0
11:35:16,56446,24.5340,0.0534,0
11:35:22,56475,8.0240,0.0534,0
11:35:27,56521,22.7140,0.0533,0
11:35:34,56565,16.5160,0.0533,0
11:35:39,56611,18.0730,0.0533,0
11:35:46,56648,8.1990,0.0533,0
11:35:51,56694,16.6290,0.0533,0
11:35:56,56719,12.1980,0.0533,0
11:36:01,56765,17.8910,0.0533,0
11:36:08,56808,17.9960,0.0532,0
11:36:13,56854,16.5950,0.0532,0
11:36:18,56900,17.4500,0.0532,0
11:36:23,56924,6.6030,0.0532,0
11:36:28,56970,17.5170,0.0532,0
11:36:33,57016,14.7650,0.0532,0
11:36:38,57041,8.2020,0.0532,0
11:36:43,57087,18.3420,0.0532,0
11:36:48,57112,9.2040,0.0531,0
11:36:53,57158,21.7040,0.0531,0
11:36:58,57204,11.1000,0.0531,0
11:37:03,57229,8.4410,0.0531,0
11:37:08,57275,19.0040,0.0531,0
11:37:14,57321,12.3890,0.0531,0
11:37:19,57346,10.3820,0.0531,0
11:37:24,57392,20.0010,0.0531,0
11:37:30,57430,6.7580,0.0530,0
11:37:35,57454,5.1210,0.0530,0
11:37:40,57479,4.8220,0.0530,0
11:37:45,57525,18.0600,0.0530,0
11:37:50,57550,8.5930,0.0530,0
11:37:55,57596,21.9860,0.0530,0
11:38:00,57620,11.2850,0.0530,0
11:38:05,57666,19.8960,0.0530,0
11:38:12,57701,17.3280,0.0530,0
11:38:17,57747,19.9750,0.0530,0
11:38:22,57772,10.6280,0.0529,0
11:38:27,57818,20.2100,0.0529,0
11:38:32,57843,11.2420,0.0529,0
11:38:39,57888,19.8620,0.0529,0
11:38:44,57934,16.8290,0.0529,0
11:38:49,57980,14.1600,0.0529,0
11:38:54,58005,9.9760,0.0529,0
11:38:59,58051,20.4320,0.0529,0
11:39:05,58076,5.5860,0.0529,0
11:39:10,58122,20.8880,0.0528,0
11:39:15,58152,15.1810,0.0528,0
11:39:20,58198,13.0870,0.0528,0
11:39:25,58244,5.1760,0.0528,0
11:39:30,58269,-0.0470,0.0528,0
11:39:37,58311,4.3300,0.0528,0
11:39:43,58338,4.8450,0.0528,0
11:39:48,58384,18.6200,0.0528,0
11:39:53,58409,8.9410,0.0528,0
11:40:00,58450,20.8140,0.0527,0
11:40:05,58496,17.5230,0.0527,0
11:40:10,58542,19.6060,0.0527,0
11:40:15,58567,12.6690,0.0527,0
11:40:20,58613,15.7210,0.0527,0
11:40:25,58659,11.1840,0.0527,0
11:40:30,58684,9.1110,0.0527,0
11:40:35,58730,19.0070,0.0527,0
11:40:40,58776,12.7260,0.0527,0
11:40:45,58801,10.2660,0.0527,0
11:40:51,58837,16.2440,0.0526,0
11:40:56,58883,20.4620,0.0526,0
11:41:02,58916,11.3170,0.0526,0
11:41:07,58962,15.6590,0.0526,0
11:41:13,58987,7.9810,0.0526,0
11:41:18,59033,24.2300,0.0526,0
11:41:23,59058,13.9380,0.0526,0
11:41:28,59104,20.2840,0.0526,0
11:41:33,59150,15.0540,0.0526,1
11:41:38,59175,4.5580,0.0526,0
11:41:43,59221,17.4620,0.0525,0
11:41:48,59267,10.1720,0.0525,0
11:41:53,59292,7.8830,0.0525,0
11:41:58,59338,15.4150,0.0525,0
11:42:03,59384,18.5720,0.0525,0
11:42:08,59408,10.8750,0.0525,0
11:42:13,59454,20.9600,0.0525,0
11:42:18,59482,14.2620,0.0525,0
11:42:23,59528,20.6510,0.0525,0
11:42:28,59552,3.9730,0.0525,0
11:42:34,59598,18.6880,0.0525,0
11:42:39,59644,15.2020,0.0524,0
11:42:44,59669,6.3040,0.0524,0
11:42:49,59695,9.7340,0.0524,0
11:42:54,59741,15.9310,0.0524,0
11:42:59,59766,8.0380,0.0524,0
11:43:04,59812,18.1930,0.0524,0
11:43:11,59854,16.4740,0.0524,0
11:43:16,59900,17.3530,0.0524,0
11:43:21,59946,12.9660,0.0524,0
11:43:27,59977,9.1850,0.0524,0
11:43:32,60023,17.9840,0.0523,0
11:43:37,60052,10.1320,0.0523,0
11:43:42,60098,21.3640,0.0523,0
11:43:50,60142,18.6290,0.0523,0
11:43:55,60188,22.3360,0.0523,0
11:44:00,60213,4.6170,0.0523,0
11:44:05,60259,23.0560,0.0523,0
11:44:10,60284,3.1000,0.0523,0
11:44:15,60330,20.6060,0.0523,0
11:44:20,60355,4.3020,0.0523,0
11:44:27,60395,21.0500,0.0523,0
11:44:32,60441,22.1090,0.0523,0
11:44:38,60473,16.4370,0.0522,0
11:44:43,60519,14.7690,0.0522,0
11:44:48,60548,8.6580,0.0522,0
11:44:53,60594,17.2030,0.0522,0
11:44:58,60640,11.0040,0.0522,0
11:45:04,60674,12.6240,0.0522,0
11:45:09,60720,20.1280,0.0522,0
11:45:14,60745,3.7210,0.0522,0
11:45:19,60791,18.6740,0.0522,0
11:45:24,60837,14.7810,0.0522,0
11:45:30,60862,7.6320,0.0522,0
11:45:35,60908,19.9940,0.0522,0
11:45:40,60933,10.9360,0.0521,0
11:45:45,60962,12.2670,0.0521,0
11:45:52,60999,10.0730,0.0521,0
11:45:57,61045,14.3500,0.0521,0
11:46:02,61091,14.8290,0.0521,0
11:46:08,61125,11.0360,0.0521,0
11:46:13,61171,13.7570,0.0521,0
11:46:18,61217,17.2030,0.0521,0
11:46:23,61242,9.4580,0.0521,0
11:46:28,61288,18.1590,0.0521,0
11:46:33,61334,13.5740,0.0521,0
11:46:38,61358,11.2440,0.0521,0
11:46:43,61404,16.6440,0.0520,0
11:46:48,61450,17.0190,0.0520,0
11:46:53,61475,8.8330,0.0520,0
11:46:58,61521,20.2310,0.0520,0
11:47:03,61546,11.2870,0.0520,0
11:47:08,61592,16.2650,0.0520,0
11:47:15,61634,12.5960,0.0520,0
11:47:20,61680,14.7450,0.0520,0
11:47:25,61726,16.9730,0.0520,0
11:47:30,61751,10.0450,0.0520,0
11:47:36,61776,8.4890,0.0520,0
11:47:41,61822,16.0020,0.0520,0
11:47:46,61847,10.1110,0.0520,0
11:47:51,61893,18.4730,0.0519,0
11:47:56,61918,11.6670,0.0519,0
11:48:01,61964,16.8490,0.0519,0
11:48:06,62010,18.1550,0.0519,0
11:48:11,62035,7.3210,0.0519,0
11:48:16,62081,18.9980,0.0519,0
11:48:21,62105,9.1770,0.0519,0
11:48:26,62151,21.7500,0.0519,0
11:48:33,62194,17.6740,0.0519,0
11:48:38,62240,19.0110,0.0519,0
11:48:43,62286,15.4360,0.0519,0
11:48:48,62311,8.1740,0.0519,0
11:48:53,62357,22.6300,0.0519,0
11:48:58,62382,3.7040,0.0519,0
11:49:03,62428,22.3700,0.0518,0
11:49:08,62453,4.6150,0.0518,0
11:49:13,62478,11.6470,0.0518,0
11:49:19,62507,15.2720,0.0518,0
11:49:24,62553,21.7280,0.0518,0
11:49:29,62578,5.2190,0.0518,0
11:49:36,62616,16.7990,0.0518,0
11:49:41,62662,16.5030,0.0518,0
11:49:46,62687,11.3020,0.0518,0
11:49:51,62711,7.0650,0.0518,0
11:49:56,62757,18.3780,0.0518,0
11:50:03,62798,10.7850,0.0518,0
11:50:08,62844,20.8650,0.0518,0
11:50:13,62869,7.0920,0.0518,0
11:50:18,62915,18.7670,0.0518,0
11:50:24,62952,17.9550,0.0518,0
11:50:29,62998,15.9500,0.0517,0
11:50:35,63024,12.5480,0.0517,0
11:50:40,63049,9.1980,0.0517,0
11:50:45,63095,14.7250,0.0517,0
11:50:50,63141,16.0010,0.0517,0
11:50:56,63177,10.3290,0.0517,0
11:51:01,63223,22.9530,0.0517,0
11:51:06,63248,5.8980,0.0517,0
11:51:11,63294,20.7680,0.0517,0
11:51:18,63336,18.6320,0.0517,0
11:51:23,63382,22.0780,0.0517,0
11:51:29,63418,10.8010,0.0517,0
11:51:34,63464,22.0500,0.0517,0
11:51:40,63489,5.2970,0.0517,0
11:51:45,63535,18.5560,0.0517,0
11:51:50,63560,4.9010,0.0516,0
11:51:55,63606,19.3240,0.0516,0
11:52:00,63652,15.1140,0.0516,0
11:52:05,63677,7.3130,0.0516,0
11:52:10,63723,21.2820,0.0516,0
11:52:15,63769,12.9640,0.0516,0
11:52:20,63794,10.0370,0.0516,0
11:52:25,63840,20.2520,0.0516,0
11:52:30,63868,13.3940,0.0516,0
11:52:35,63914,18.9670,0.0516,0
11:52:41,63939,8.8680,0.0516,0
11:52:48,63983,16.2460,0.0516,0
11:52:53,64029,19.9780,0.0516,0
11:52:58,64075,12.3720,0.0516,0
11:53:03,64103,8.7850,0.0516,0
11:53:08,64149,19.6460,0.0516,0
11:53:13,64195,8.2680,0.0515,0
11:53:20,64236,7.4950,0.0515,0
11:53:25,64282,17.6270,0.0515,0
11:53:30,64328,2.5200,0.0515,0
11:53:35,64374,2.4880,0.0515,0
11:53:40,64420,12.7610,0.0515,0
11:53:45,64445,10.3790,0.0515,0
11:53:50,64491,19.8160,0.0515,0
11:53:56,64517,11.8350,0.0515,0
11:54:01,64563,20.7810,0.0515,0
11:54:06,64609,11.8450,0.0515,0
11:54:11,64634,10.9740,0.0515,0
11:54:17,64665,14.4180,0.0515,0
11:54:22,64711,20.8650,0.0515,0
11:54:28,64750,20.1260,0.0515,0
11:54:33,64796,20.2080,0.0515,0
11:54:41,64841,20.2480,0.0515,0
11:54:46,64887,19.1820,0.0514,0
11:54:51,64933,14.4940,0.0514,0
11:54:56,64957,11.7470,0.0514,0
11:55:01,64982,11.6080,0.0514,0
11:55:06,65028,20.2060,0.0514,0
11:55:11,65074,14.2210,0.0514,0
11:55:16,65099,11.1450,0.0514,0
11:55:21,65123,8.3220,0.0514,0
11:55:26,65169,16.7960,0.0514,0
11:55:31,65215,15.0460,0.0514,0
11:55:36,65240,12.7420,0.0514,0
11:55:41,65286,17.3840,0.0514,0
11:55:46,65332,13.7130,0.0514,0
11:55:51,65357,5.6930,0.0514,0
11:55:56,65403,18.3630,0.0514,0
11:56:01,65449,17.4120,0.0514,0
11:56:06,65474,6.6150,0.0514,0
11:56:11,65520,21.5150,0.0514,0
11:56:18,65561,12.5970,0.0514,0
11:56:23,65607,22.3920,0.0513,0
11:56:30,65648,16.4630,0.0513,0
11:56:35,65694,16.8130,0.0513,0
11:56:40,65740,15.0600,0.0513,0
11:56:45,65765,8.2040,0.0513,0
11:56:50,65811,19.2520,0.0513,0
11:56:55,65836,5.2500,0.0513,0
11:57:00,65861,9.1450,0.0513,0
11:57:06,65886,8.8250,0.0513,0
11:57:11,65917,9.4720,0.0513,0
11:57:16,65963,14.3420,0.0513,0
11:57:21,66009,10.0640,0.0513,0
11:57:26,66055,7.1770,0.0513,0
11:57:31,66080,8.2550,0.0513,0
11:57:37,66126,17.3500,0.0513,0
11:57:42,66172,15.0160,0.0513,0
11:57:47,66197,10.0490,0.0513,0
11:57:52,66225,13.4740,0.0513,0
11:57:57,66271,21.1480,0.0513,0
11:58:02,66296,6.5300,0.0513,0
11:58:07,66342,20.5250,0.0512,0
11:58:14,66380,6.4210,0.0512,0
11:58:19,66426,19.0870,0.0512,0
11:58:24,66472,17.3020,0.0512,0
11:58:29,66497,9.7170,0.0512,0
11:58:34,66543,18.7260,0.0512,0
11:58:39,66569,13.3460,0.0512,0
11:58:46,66608,17.4840,0.0512,0
11:58:51,66654,20.6970,0.0512,0
11:58:56,66679,9.2130,0.0512,0
11:59:01,66725,20.6320,0.0512,0
11:59:08,66767,14.6630,0.0512,0
11:59:13,66813,18.7390,0.0512,0
11:59:19,66845,11.9750,0.0512,0
11:59:24,66891,18.3670,0.0512,0
11:59:29,66937,14.7330,0.0512,0
11:59:34,66962,5.7400,0.0512,0
11:59:39,67008,19.0760,0.0512,0
11:59:46,67052,17.7910,0.0512,0
11:59:51,67098,20.4990,0.0512,0
11:59:57,67132,19.1560,0.0512,0
12:00:02,67178,17.1710,0.0511,0
12:00:07,67224,13.9770,0.0511,0
12:00:13,67256,6.0880,0.0511,0
12:00:18,67302,21.0570,0.0511,0
12:00:23,67327,8.5950,0.0511,0
12:00:28,67373,20.6060,0.0511,0
12:00:33,67419,7.8130,0.0511,0
12:00:38,67444,5.2790,0.0511,0
12:00:43,67490,20.5400,0.0511,0
12:00:48,67536,7.9080,0.0511,0
12:00:53,67561,9.1290,0.0511,0
12:00:59,67591,13.7450,0.0511,0
12:01:05,67626,15.2730,0.0511,0
12:01:10,67672,20.2600,0.0511,0
12:01:15,67718,10.0700,0.0511,0
12:01:21,67748,10.4040,0.0511,0
12:01:26,67794,22.9080,0.0511,0
12:01:31,67818,7.3880,0.0511,0
12:01:38,67859,19.2780,0.0511,0
12:01:43,67905,21.8110,0.0511,0
12:01:48,67930,7.4070,0.0511,0
12:01:53,67976,21.8390,0.0511,0
12:01:58,68002,10.0920,0.0511,0
12:02:03,68048,22.7350,0.0511,0
12:02:08,68094,12.3250,0.0510,0
12:02:13,68119,5.4020,0.0510,0
12:02:18,68165,23.3840,0.0510,0
12:02:23,68211,13.0010,0.0510,0
12:02:29,68236,10.3230,0.0510,0
12:02:34,68282,19.5860,0.0510,0
12:02:40,68324,13.0780,0.0510,0
12:02:46,68349,10.5880,0.0510,0
12:02:51,68374,12.1920,0.0510,0
12:02:56,68420,16.3230,0.0510,0
12:03:02,68453,9.5690,0.0510,0
12:03:07,68499,17.8710,0.0510,0
12:03:12,68545,12.5340,0.0510,0
12:03:17,68570,9.4530,0.0510,0
12:03:22,68616,14.7740,0.0510,0
12:03:27,68641,9.7110,0.0510,0
12:03:33,68671,13.2000,0.0510,0
12:03:38,68716,19.9090,0.0510,0
12:03:43,68762,13.5080,0.0510,0
12:03:48,68787,6.3330,0.0510,0
12:03:53,68833,18.9950,0.0510,0
12:03:58,68879,11.3050,0.0510,0
12:04:03,68904,9.7130,0.0510,0
12:04:08,68950,17.7380,0.0510,0
12:04:13,68996,15.3370,0.0510,0
12:04:18,69021,7.6520,0.0510,0
12:04:24,69058,16.6270,0.0510,0
12:04:29,69104,17.8050,0.0509,0
12:04:36,69139,9.0400,0.0509,0
12:04:41,69185,19.9520,0.0509,0
12:04:46,69231,14.5530,0.0509,0
12:04:51,69256,11.4970,0.0509,0
12:04:56,69302,18.6110,0.0509,0
12:05:03,69342,15.5080,0.0509,0
12:05:08,69388,19.9670,0.0509,0
12:05:13,69434,15.4010,0.0509,0
12:05:18,69458,3.8860,0.0509,0
12:05:23,69487,9.2620,0.0509,0
12:05:28,69533,14.1860,0.0509,0
12:05:33,69558,6.4120,0.0509,0
12:05:38,69604,18.7870,0.0509,0
12:05:43,69629,6.4320,0.0509,0
12:05:48,69675,18.9140,0.0509,0
12:05:53,69721,15.2190,0.0509,0
12:05:59,69746,5.7170,0.0509,0
12:06:04,69792,21.4480,0.0509,0
12:06:09,69838,13.2180,0.0509,0
12:06:14,69863,2.3950,0.0509,0
12:06:19,69909,20.8480,0.0509,0
12:06:24,69934,3.4110,0.0509,0
12:06:29,69980,21.0680,0.0509,0
12:06:36,70022,14.2420,0.0509,0
12:06:41,70068,20.8510,0.0509,0
12:06:46,70093,3.0060,0.0509,0
12:06:51,70118,6.3740,0.0509,0
12:06:58,70158,19.5660,0.0509,0
12:07:03,70204,21.4360,0.0508,0
12:07:08,70250,13.8910,0.0508,0
12:07:13,70275,5.4190,0.0508,0
12:07:18,70321,20.9020,0.0508,0
12:07:23,70367,13.6370,0.0508,0
12:07:28,70392,11.5480,0.0508,0
12:07:33,70438,18.0710,0.0508,0
12:07:39,70467,7.9960,0.0508,0
12:07:44,70513,18.3680,0.0508,0
12:07:51,70556,21.6190,0.0508,0
12:07:56,70602,16.9650,0.0508,0
12:08:01,70648,15.9160,0.0508,0
12:08:06,70672,4.3000,0.0508,0
12:08:11,70718,18.2950,0.0508,0
12:08:16,70764,14.1920,0.0508,0
12:08:23,70804,5.6820,0.0508,0
12:08:28,70850,21.3770,0.0508,0
12:08:35,70892,17.3440,0.0508,0
12:08:40,70938,18.0770,0.0508,0
12:08:45,70984,15.5900,0.0508,0
12:08:50,71009,13.3520,0.0508,0
12:08:55,71055,22.3660,0.0508,0
12:09:01,71090,7.0920,0.0508,0
12:09:06,71136,18.4910,0.0508,0
12:09:11,71182,13.5430,0.0508,0
12:09:16,71207,5.2520,0.0508,0
12:09:21,71253,21.4250,0.0508,0
12:09:28,71290,15.0130,0.0508,0
12:09:33,71336,17.4580,0.0508,0
12:09:38,71382,15.5990,0.0508,0
12:09:43,71406,7.0110,0.0508,0
12:09:48,71435,7.9210,0.0508,0
12:09:53,71481,16.8590,0.0507,0
12:09:58,71527,17.5340,0.0507,0
12:10:03,71552,12.0620,0.0507,0
12:10:08,71598,21.5000,0.0507,0
12:10:14,71623,8.3220,0.0507,0
12:10:19,71669,19.9690,0.0507,0
12:10:24,71715,16.8140,0.0507,0
12:10:29,71740,5.0930,0.0507,0
12:10:34,71786,21.1620,0.0507,0
12:10:39,71815,8.3450,0.0507,0
12:10:44,71861,20.5490,0.0507,0
12:10:51,71897,11.7080,0.0507,0
12:10:56,71943,22.0270,0.0507,0
12:11:03,71988,11.3370,0.0507,0
12:11:08,72034,21.1740,0.0507,0
12:11:15,72076,18.9180,0.0507,0
12:11:20,72122,21.8210,0.0507,0
12:11:26,72154,11.9670,0.0507,0
12:11:31,72200,17.4790,0.0507,0
12:11:36,72225,8.6270,0.0507,0
12:11:41,72271,19.3670,0.0507,0
12:11:46,72317,16.2490,0.0507,1
12:11:51,72342,3.3710,0.0507,0
12:11:56,72388,25.1480,0.0507,0
12:12:02,72416,11.5650,0.0507,0
12:12:07,72462,16.4930,0.0507,0
12:12:12,72508,14.4160,0.0507,0
12:12:18,72547,9.9070,0.0507,0
12:12:23,72593,19.8870,0.0507,0
12:12:29,72626,12.1410,0.0507,0
12:12:34,72672,16.5750,0.0507,0
12:12:41,72707,13.5130,0.0507,0
12:12:46,72753,18.3410,0.0507,0
12:12:51,72778,8.5500,0.0507,0
12:12:56,72824,20.5820,0.0507,0
12:13:01,72849,5.5170,0.0507,0
12:13:06,72874,10.7000,0.0506,0
12:13:11,72920,21.8090,0.0506,0
12:13:18,72958,7.0360,0.0506,0
12:13:23,73004,16.5800,0.0506,0
12:13:28,73035,8.8550,0.0506,0
12:13:33,73059,6.3230,0.0506,0
12:13:39,73093,17.6830,0.0506,0
12:13:44,73139,16.8270,0.0506,0
12:13:49,73185,15.1060,0.0506,0
12:13:55,73210,8.3070,0.0506,0
12:14:00,73256,21.1080,0.0506,0
12:14:06,73295,13.7350,0.0506,0
12:14:11,73341,22.5300,0.0506,1
12:14:16,73365,5.4910,0.0506,0
12:14:21,73411,21.0940,0.0506,0
12:14:26,73457,8.9750,0.0506,0
12:14:31,73482,2.4410,0.0506,0
12:14:36,73528,24.4200,0.0506,0
12:14:42,73553,3.9680,0.0506,0
12:14:47,73599,20.4850,0.0506,0
12:14:52,73625,7.2610,0.0506,0
12:14:57,73671,23.6100,0.0506,0
12:15:02,73696,8.5460,0.0506,0
12:15:07,73742,11.2360,0.0506,0
12:15:14,73786,14.9770,0.0506,0
12:15:19,73832,15.0620,0.0506,0
12:15:24,73878,15.6300,0.0506,0
12:15:31,73899,9.1490,0.0506,0
12:15:36,73945,20.5540,0.0506,0
12:15:41,73970,10.0470,0.0506,0
12:15:46,74016,24.7700,0.0506,0
12:15:52,74046,11.5200,0.0506,0
12:15:57,74092,23.5230,0.0506,0
12:16:02,74138,12.7810,0.0506,0
12:16:07,74163,13.9040,0.0506,0
12:16:12,74209,12.1570,0.0506,0
12:16:19,74249,12.3940,0.0506,0
12:16:24,74295,21.4850,0.0506,0
12:16:29,74341,10.7650,0.0506,0
12:16:34,74366,6.3380,0.0506,0
12:16:39,74412,16.5430,0.0506,0
12:16:44,74458,15.9120,0.0506,0
12:16:49,74483,7.9300,0.0506,0
12:16:54,74529,20.3010,0.0506,0
12:16:59,74575,13.6620,0.0505,0
12:17:04,74599,8.5110,0.0505,0
12:17:09,74645,22.5960,0.0505,0
12:17:16,74680,15.2440,0.0505,0
12:17:21,74726,21.1280,0.0505,0
12:17:26,74772,13.5770,0.0505,0
12:17:31,74797,12.7570,0.0505,0
12:17:36,74825,11.4140,0.0505,0
12:17:43,74864,15.0610,0.0505,0
12:17:48,74910,17.1790,0.0505,0
12:17:53,74956,19.6660,0.0505,0
12:17:58,74981,14.5460,0.0505,0
12:18:03,75027,20.8040,0.0505,0
12:18:08,75052,7.7510,0.0505,0
12:18:13,75098,19.6750,0.0505,0
12:18:19,75130,12.7740,0.0505,0
12:18:25,75163,8.8830,0.0505,0
12:18:30,75209,18.1190,0.0505,0
12:18:35,75255,5.9690,0.0505,0
12:18:40,75301,6.8910,0.0505,0
12:18:46,75335,9.5330,0.0505,0
12:18:53,75372,8.2890,0.0505,0
12:18:58,75401,9.5040,0.0505,0
12:19:05,75439,15.0540,0.0505,0
12:19:10,75485,15.6550,0.0505,0
12:19:15,75531,15.7610,0.0505,0
12:19:20,75556,8.5120,0.0505,0
12:19:25,75602,13.7800,0.0505,0
12:19:30,75627,11.9770,0.0505,0
12:19:35,75673,19.6230,0.0505,0
12:19:42,75719,19.7770,0.0505,0
12:19:47,75765,16.2330,0.0505,0
12:19:53,75790,3.0430,0.0505,0
12:19:58,75836,21.1840,0.0505,0
12:20:04,75874,18.6260,0.0505,0
12:20:09,75920,19.3690,0.0505,0
12:20:15,75956,13.8470,0.0505,0
12:20:22,75991,9.1290,0.0505,0
12:20:27,76037,14.0780,0.0505,0
12:20:32,76083,3.5910,0.0505,0
12:20:37,76129,15.4090,0.0505,0
12:20:42,76154,12.7820,0.0505,0
12:20:47,76200,22.4850,0.0505,0
12:20:54,76244,11.6310,0.0505,0
12:20:59,76290,15.7270,0.0505,0
12:21:04,76336,13.2320,0.0505,0
12:21:11,76378,12.4280,0.0505,0
12:21:16,76424,22.0150,0.0505,0
12:21:21,76470,12.7420,0.0505,0
12:21:26,76495,9.1390,0.0505,0
12:21:31,76541,20.5040,0.0505,0
12:21:36,76566,8.8290,0.0504,0
12:21:41,76612,18.6950,0.0504,0
12:21:46,76637,10.2890,0.0504,0
12:21:52,76683,19.0020,0.0504,0
12:21:58,76718,15.3130,0.0504,0
12:22:03,76764,16.6180,0.0504,0
12:22:08,76789,7.3270,0.0504,0
12:22:13,76835,24.2410,0.0504,0
12:22:18,76860,5.5590,0.0504,0
12:22:23,76906,22.4540,0.0504,0
12:22:28,76952,12.9650,0.0504,0
12:22:33,76977,7.9800,0.0504,0
12:22:38,77002,8.5760,0.0504,0
12:22:45,77045,19.2620,0.0504,0
12:22:50,77091,18.0630,0.0504,0
12:22:55,77137,17.5400,0.0504,0
12:23:00,77162,6.3470,0.0504,0
12:23:05,77208,21.4190,0.0504,0
12:23:10,77254,14.1710,0.0504,0
12:23:16,77279,13.3300,0.0504,0
12:23:21,77325,18.7700,0.0504,0
12:23:26,77356,11.5760,0.0504,0
12:23:31,77402,22.4240,0.0504,0
12:23:37,77427,7.6340,0.0504,0
12:23:42,77452,8.2150,0.0504,0
12:23:49,77496,16.4800,0.0504,0
12:23:54,77542,14.9370,0.0504,1
12:23:59,77566,8.5720,0.0504,0
12:24:04,77612,19.3100,0.0504,0
12:24:09,77641,11.8760,0.0504,0
12:24:14,77687,14.9920,0.0504,0
12:24:19,77733,19.1140,0.0504,0
12:24:24,77758,12.1920,0.0504,0
12:24:30,77804,20.3200,0.0504,0
12:24:35,77829,11.2210,0.0504,0
12:24:40,77875,19.2960,0.0504,0
12:24:47,77919,16.8410,0.0504,0
12:24:52,77965,16.2950,0.0504,0
12:24:57,77990,11.2900,0.0504,0
12:25:04,78032,22.7140,0.0504,0
12:25:09,78078,17.6990,0.0504,0
12:25:16,78117,14.6690,0.0504,0
12:25:21,78163,16.5730,0.0504,0
12:25:26,78209,16.9080,0.0504,0
12:25:31,78234,7.8880,0.0504,0
12:25:36,78280,19.1540,0.0504,0
12:25:43,78324,12.5560,0.0504,0
12:25:48,78370,18.6790,0.0504,0
12:25:53,78395,9.5150,0.0504,0
12:25:58,78441,22.0980,0.0504,0
12:26:03,78466,7.0730,0.0504,0
12:26:08,78512,20.1630,0.0504,0
12:26:15,78551,12.9510,0.0504,0
12:26:20,78597,14.3820,0.0504,0
12:26:25,78622,11.0350,0.0504,0
12:26:30,78668,16.7770,0.0504,0
12:26:35,78714,15.6770,0.0504,0
12:26:40,78739,7.2060,0.0504,0
12:26:45,78785,22.3440,0.0504,0
12:26:50,78810,9.2390,0.0504,0
12:26:57,78848,18.9490,0.0504,0
12:27:02,78894,23.4430,0.0504,0
12:27:07,78918,8.6170,0.0504,0
12:27:12,78964,19.7320,0.0504,0
12:27:17,78989,5.8270,0.0504,0
12:27:22,79035,20.9010,0.0504,0
12:27:27,79059,8.8870,0.0504,0
12:27:33,79089,13.7660,0.0503,0
12:27:38,79135,19.5410,0.0503,0
12:27:43,79164,11.9240,0.0503,0
12:27:48,79210,15.8510,0.0503,0
12:27:56,79255,15.3460,0.0503,0
12:28:01,79301,19.5360,0.0503,0
12:28:06,79326,7.9890,0.0503,0
12:28:11,79372,22.8260,0.0503,0
12:28:16,79397,7.9450,0.0503,0
12:28:21,79443,19.9900,0.0503,0
12:28:28,79487,20.0750,0.0503,0
12:28:33,79533,15.6200,0.0503,0
12:28:38,79579,15.9340,0.0503,0
12:28:44,79608,9.7340,0.0503,0
12:28:49,79654,25.9250,0.0503,0
12:28:55,79694,13.7970,0.0503,0
12:29:00,79740,24.8240,0.0503,0
12:29:07,79780,15.5170,0.0503,0
12:29:15,79826,24.4050,0.0503,0
12:29:20,79872,17.8300,0.0503,0
12:29:25,79918,17.0820,0.0503,0
12:29:30,79943,12.4390,0.0503,0
12:29:35,79989,21.1640,0.0503,0
12:29:40,80014,7.3690,0.0503,0
12:29:45,80060,20.2630,0.0503,0
12:29:51,80098,20.4100,0.0503,0
12:29:57,80144,21.1660,0.0503,0
12:30:02,80174,7.2430,0.0503,0
12:30:07,80220,22.6260,0.0503,0
12:30:12,80245,8.3370,0.0503,0
12:30:17,80291,17.5120,0.0503,0
12:30:24,80333,16.4670,0.0503,0
12:30:29,80379,23.9140,0.0503,0
12:30:34,80403,8.9350,0.0503,0
12:30:39,80449,16.5430,0.0503,0
12:30:46,80489,14.6780,0.0503,0
12:30:51,80535,16.3160,0.0503,0
12:30:56,80581,13.8130,0.0503,0
12:31:02,80617,10.9440,0.0503,0
12:31:08,80663,20.3020,0.0503,0
12:31:13,80709,18.9260,0.0503,1
12:31:18,80734,12.8230,0.0503,0
12:31:23,80780,19.3090,0.0503,0
12:31:29,80812,7.9110,0.0503,0
12:31:34,80857,20.8590,0.0503,0
12:31:39,80881,8.6160,0.0503,0
12:31:44,80927,20.9220,0.0503,1
12:31:49,80952,8.2730,0.0503,0
12:31:54,80998,18.5840,0.0503,0
12:32:00,81028,13.3900,0.0503,0
12:32:05,81074,15.3970,0.0503,0
12:32:10,81099,7.4220,0.0503,0
12:32:15,81145,20.6320,0.0503,0
12:32:20,81191,13.7280,0.0503,0
12:32:25,81216,4.8000,0.0503,0
12:32:30,81262,24.5980,0.0503,0
12:32:35,81287,14.3140,0.0503,0
12:32:40,81333,22.6300,0.0503,0
12:32:45,81358,11.5550,0.0503,0
12:32:51,81390,14.0320,0.0503,0
12:32:56,81436,23.8500,0.0503,0
12:33:01,81460,6.7710,0.0503,0
12:33:06,81506,17.8410,0.0503,0
12:33:13,81547,15.9050,0.0503,0
12:33:18,81593,17.6440,0.0503,0
12:33:23,81639,15.1760,0.0503,0
12:33:28,81664,7.2340,0.0503,0
12:33:33,81710,18.7340,0.0503,0
12:33:40,81752,20.9900,0.0503,0
12:33:45,81798,18.4020,0.0503,0
12:33:50,81823,11.2370,0.0503,0
12:33:57,81853,15.8880,0.0503,0
12:34:02,81899,19.3450,0.0503,0
12:34:07,81945,15.0050,0.0503,0
12:34:12,81970,5.3670,0.0503,0
12:34:17,82016,22.6130,0.0503,0
12:34:22,82041,4.2570,0.0503,0
12:34:27,82087,19.3850,0.0503,0
12:34:32,82133,13.3630,0.0503,0
12:34:37,82158,12.4190,0.0503,0
12:34:42,82204,21.6740,0.0503,0
12:34:48,82236,8.8250,0.0503,0
12:34:53,82282,9.6920,0.0503,0
12:34:58,82328,15.2970,0.0503,0
12:35:03,82374,9.9650,0.0503,0
12:35:09,82401,6.3670,0.0503,0
12:35:14,82447,22.2730,0.0502,0
12:35:21,82488,16.4500,0.0502,0
12:35:28,82530,13.3720,0.0502,0
12:35:33,82562,12.9150,0.0502,0
12:35:39,82594,12.5770,0.0502,0
12:35:45,82628,13.5250,0.0502,0
12:35:50,82674,19.2750,0.0502,0
12:35:55,82720,16.9670,0.0502,0
12:36:00,82745,5.7000,0.0502,0
12:36:05,82791,22.2580,0.0502,0
12:36:13,82835,16.4640,0.0502,0
12:36:18,82881,21.7700,0.0502,0
12:36:25,82927,17.3620,0.0502,0
12:36:30,82973,19.2410,0.0502,0
12:36:35,83019,18.1760,0.0502,0
12:36:40,83044,8.6440,0.0502,0
12:36:45,83090,20.3600,0.0502,0
12:36:51,83123,10.9750,0.0502,0
12:36:56,83169,17.7780,0.0502,0
12:37:01,83215,16.9380,0.0502,0
12:37:07,83240,10.3490,0.0502,0
12:37:12,83286,19.9360,0.0502,0
12:37:17,83311,2.7590,0.0502,0
12:37:22,83357,20.2560,0.0502,0
12:37:27,83403,12.8320,0.0502,0
12:37:32,83428,6.9680,0.0502,0
12:37:37,83474,20.8630,0.0502,0
12:37:42,83501,4.2430,0.0502,0
12:37:47,83547,19.6400,0.0502,0
12:37:52,83573,8.6220,0.0502,0
12:37:58,83619,12.8630,0.0502,0
12:38:03,83665,13.7950,0.0502,0
12:38:08,83711,9.2600,0.0502,0
12:38:13,83736,9.9040,0.0502,0
12:38:18,83782,19.2830,0.0502,1
12:38:23,83807,5.5400,0.0502,0
12:38:28,83853,24.5120,0.0502,0
12:38:33,83878,9.7140,0.0502,0
12:38:38,83924,16.4600,0.0502,0
12:38:43,83970,16.8560,0.0502,0
12:38:48,83995,11.7620,0.0502,0
12:38:53,84041,23.2900,0.0502,0
12:38:58,84066,13.9090,0.0502,0
12:39:03,84112,25.1520,0.0502,0
12:39:08,84137,12.7590,0.0502,0
12:39:13,84182,22.6550,0.0502,0
12:39:19,84228,10.1500,0.0502,1
12:39:24,84253,12.7750,0.0502,0
12:39:29,84277,12.8190,0.0502,0
12:39:34,84323,15.2610,0.0502,0
12:39:39,84348,9.2010,0.0502,0
12:39:45,84381,15.2650,0.0502,0
12:39:50,84427,24.1850,0.0502,0
12:39:55,84451,4.9180,0.0502,0
12:40:00,84478,11.6220,0.0502,0
12:40:05,84524,19.9730,0.0502,0
12:40:10,84570,16.6380,0.0502,0
12:40:15,84595,4.8010,0.0502,0
12:40:20,84641,25.8120,0.0502,0
12:40:26,84673,12.5370,0.0502,0
12:40:31,84719,15.7010,0.0502,0
12:40:36,84744,10.4170,0.0502,0
12:40:41,84790,20.9740,0.0502,0
12:40:47,84815,11.8270,0.0502,0
12:40:53,84848,17.4170,0.0502,0
12:40:58,84894,16.5020,0.0502,0
12:41:03,84940,15.6860,0.0502,0
12:41:08,84965,12.9890,0.0502,0
12:41:14,85001,19.1880,0.0502,0
12:41:19,85047,18.4790,0.0502,0
12:41:24,85093,15.7450,0.0502,0
12:41:29,85118,5.9900,0.0502,0
12:41:34,85164,16.8060,0.0502,0
12:41:39,85210,15.0720,0.0502,0
12:41:44,85235,3.6810,0.0502,0
12:41:49,85281,23.8660,0.0502,0
12:41:54,85306,8.6110,0.0502,0
12:42:00,85331,3.9950,0.0502,0
12:42:05,85377,21.8000,0.0502,0
12:42:11,85413,16.4630,0.0502,0
12:42:16,85459,15.8550,0.0502,0
12:42:22,85489,13.7470,0.0502,0
12:42:27,85535,14.6240,0.0502,0
12:42:32,85581,15.6920,0.0502,0
12:42:37,85611,10.6620,0.0502,0
12:42:42,85636,6.7300,0.0502,0
12:42:47,85660,7.3550,0.0502,0
12:42:52,85706,19.0010,0.0502,0
12:42:58,85752,11.0060,0.0502,0
12:43:03,85798,2.7560,0.0502,0
12:43:08,85844,0.0000,0.0502,0
12:43:13,85890,0.4260,0.0502,0
12:43:18,85915,2.3350,0.0502,0
12:43:23,85961,15.3710,0.0502,0
12:43:28,86007,15.9860,0.0502,0
12:43:33,86032,8.4480,0.0502,0
12:43:38,86078,18.9700,0.0502,0
12:43:43,86124,11.2740,0.0502,0
12:43:49,86160,9.4900,0.0502,0
12:43:55,86195,13.7850,0.0502,0
12:44:02,86231,14.4310,0.0502,0
12:44:07,86277,19.6830,0.0502,0
12:44:14,86320,11.0360,0.0502,0
12:44:19,86366,20.0050,0.0502,0
12:44:24,86412,16.0090,0.0502,0
12:44:29,86437,12.6960,0.0502,0
12:44:34,86462,3.6830,0.0502,0
12:44:39,86508,17.2530,0.0502,0
12:44:44,86554,10.0520,0.0502,0
12:44:49,86579,7.3990,0.0502,0
12:44:54,86604,8.2380,0.0502,0
12:44:59,86650,20.2030,0.0502,0
12:45:04,86696,12.6870,0.0502,0
12:45:10,86721,8.3810,0.0502,0
12:45:15,86767,22.1370,0.0502,0
12:45:20,86813,13.8860,0.0502,0
12:45:25,86838,6.6020,0.0502,0
12:45:30,86884,19.1990,0.0502,0
12:45:35,86930,3.8500,0.0502,0
12:45:40,86976,1.1270,0.0502,0
12:45:45,87022,1.9420,0.0502,0
12:45:52,87063,9.6520,0.0502,0
12:45:57,87109,17.4400,0.0502,0
12:46:02,87155,7.8920,0.0502,0
12:46:07,87180,9.1410,0.0502,0
12:46:12,87226,17.4650,0.0502,0
12:46:19,87268,16.4450,0.0502,0
12:46:24,87314,22.0820,0.0502,0
12:46:29,87339,3.3760,0.0502,0
12:46:35,87370,15.3010,0.0502,0
12:46:40,87416,17.4570,0.0502,0
12:46:45,87462,17.5740,0.0502,0
12:46:50,87486,4.5680,0.0502,0
12:46:55,87532,19.9240,0.0502,0
12:47:02,87577,17.6540,0.0501,0
12:47:07,87623,20.8050,0.0501,0
12:47:12,87669,11.2510,0.0501,0
12:47:18,87696,7.8130,0.0501,0
12:47:23,87742,16.5780,0.0501,0
12:47:28,87788,14.5050,0.0501,0
12:47:34,87828,9.0830,0.0501,0
12:47:39,87874,19.0660,0.0501,0
12:47:45,87920,17.7990,0.0501,0
12:47:50,87945,10.9450,0.0501,0
12:47:57,87989,16.8270,0.0501,0
12:48:02,88035,16.9590,0.0501,0
12:48:07,88081,19.9920,0.0501,0
12:48:12,88106,13.6010,0.0501,0
12:48:17,88152,18.0700,0.0501,0
12:48:23,88181,8.9160,0.0501,0
12:48:28,88208,11.5810,0.0501,0
12:48:33,88254,19.2870,0.0501,0
12:48:38,88300,17.1980,0.0501,0
12:48:43,88325,6.8740,0.0501,0
12:48:48,88371,21.1540,0.0501,0
12:48:53,88417,0.3440,0.0501,0
12:48:58,88463,0.2220,0.0501,0
12:49:03,88509,2.7450,0.0501,0
12:49:10,88552,12.8330,0.0501,0
12:49:15,88598,21.7890,0.0501,0
12:49:21,88644,11.1710,0.0501,0
12:49:26,88668,7.4120,0.0501,0
12:49:31,88714,18.7830,0.0501,0
12:49:36,88760,15.6720,0.0501,0
12:49:41,88785,9.1210,0.0501,0
12:49:46,88831,19.2900,0.0501,0
12:49:51,88877,14.3950,0.0501,0
12:49:56,88902,6.6020,0.0501,0
12:50:01,88948,26.4220,0.0501,0
12:50:06,88974,9.9970,0.0501,0
12:50:11,89020,15.3130,0.0501,0
12:50:16,89066,20.2920,0.0501,0
12:50:21,89091,13.8840,0.0501,0
12:50:26,89137,17.7070,0.0501,0
12:50:32,89170,9.8350,0.0501,0
12:50:37,89216,18.4820,0.0501,0
12:50:42,89262,18.1340,0.0501,0
12:50:47,89287,12.1690,0.0501,0
12:50:52,89333,20.1680,0.0501,0
12:50:58,89365,11.0150,0.0501,0
12:51:03,89411,20.1860,0.0501,0
12:51:08,89457,14.2300,0.0501,0
12:51:14,89482,11.9520,0.0501,0
12:51:19,89507,12.1860,0.0501,0
12:51:24,89553,18.0980,0.0501,0
12:51:29,89578,5.2260,0.0501,0
12:51:34,89624,23.6330,0.0501,0
12:51:39,89654,10.9650,0.0501,0
12:51:47,89697,19.3210,0.0501,0
12:51:52,89743,21.0240,0.0501,0
12:51:57,89789,13.6360,0.0501,0
12:52:02,89814,5.7340,0.0501,0
12:52:07,89839,12.7230,0.0501,0
12:52:12,89865,13.4100,0.0501,0
12:52:17,89890,6.3800,0.0501,0
12:52:22,89936,19.6840,0.0501,0
12:52:27,89982,16.5980,0.0501,0
12:52:32,90006,8.0100,0.0501,0
12:52:37,90052,18.4150,0.0501,0
12:52:42,90098,14.9470,0.0501,1
12:52:47,90123,8.9370,0.0501,0
12:52:53,90169,21.5050,0.0501,0
12:52:58,90197,9.4920,0.0501,0
12:53:03,90243,18.1530,0.0501,0
12:53:08,90289,17.2830,0.0501,0
12:53:13,90313,12.4170,0.0501,0
12:53:18,90359,22.0840,0.0501,0
12:53:23,90384,5.9480,0.0501,0
12:53:28,90430,20.4950,0.0501,0
12:53:33,90476,13.6970,0.0501,0
12:53:38,90501,11.2380,0.0501,0
12:53:43,90547,21.2170,0.0501,0
12:53:51,90593,13.2170,0.0501,0
12:53:58,90638,18.1640,0.0501,0
12:54:03,90684,23.3430,0.0501,0
12:54:08,90730,12.9200,0.0501,1
12:54:13,90754,9.2850,0.0501,0
12:54:19,90783,13.8330,0.0501,0
12:54:24,90829,12.0170,0.0501,0
12:54:29,90854,12.5510,0.0501,0
12:54:34,90900,12.5830,0.0501,0
12:54:39,90946,16.5950,0.0501,0
12:54:44,90971,7.1510,0.0501,0
12:54:49,91017,24.5770,0.0501,0
12:54:54,91042,7.0920,0.0501,0
12:54:59,91088,23.6240,0.0501,0
12:55:05,91122,10.2820,0.0501,0
12:55:10,91168,17.7630,0.0501,0
12:55:17,91210,23.0920,0.0501,0
12:55:22,91256,20.5010,0.0501,0
12:55:27,91302,12.9130,0.0501,0
12:55:32,91327,9.7460,0.0501,0
12:55:37,91373,23.6290,0.0501,0
12:55:43,91405,7.4530,0.0501,0
12:55:48,91451,16.9220,0.0501,0
12:55:53,91497,17.8540,0.0501,0
12:55:58,91521,7.4410,0.0501,0
12:56:04,91567,21.5320,0.0501,0
12:56:09,91591,5.5990,0.0501,0
12:56:14,91615,4.5510,0.0501,0
12:56:21,91656,20.5110,0.0501,0
12:56:26,91700,18.9930,0.0501,0
12:56:31,91724,10.6770,0.0501,0
12:56:36,91769,18.4510,0.0501,0
12:56:41,91814,10.7880,0.0501,0
12:56:46,91838,8.2310,0.0501,0
12:56:51,91884,23.3060,0.0501,0
12:56:58,91922,14.3160,0.0501,0
12:57:03,91968,21.8080,0.0501,0
12:57:08,91993,6.8250,0.0501,0
12:57:13,92039,22.6700,0.0501,0
12:57:18,92085,9.8820,0.0501,0
12:57:23,92109,12.6790,0.0501,0
12:57:28,92155,17.6960,0.0501,0
12:57:34,92184,8.7060,0.0501,0
12:57:39,92230,16.9370,0.0501,0
12:57:44,92255,11.8140,0.0501,0
12:57:50,92287,14.3790,0.0501,0
12:57:55,92333,16.2450,0.0501,0
12:58:00,92379,16.0720,0.0501,0
12:58:05,92403,8.8260,0.0501,0
12:58:10,92428,6.1130,0.0501,0
12:58:15,92474,20.2090,0.0501,0
12:58:22,92518,15.7070,0.0501,0
12:58:27,92564,18.4790,0.0501,0
12:58:32,92610,18.1940,0.0501,0
12:58:37,92635,10.9630,0.0501,0
12:58:42,92681,22.2040,0.0501,0
12:58:48,92711,10.3810,0.0501,0
12:58:53,92757,16.0530,0.0501,0
12:58:58,92803,14.1240,0.0501,0
12:59:04,92835,10.9600,0.0501,0
12:59:09,92881,21.0950,0.0501,0
12:59:14,92927,14.8330,0.0501,0
12:59:19,92952,10.9730,0.0501,0
12:59:25,92984,16.8920,0.0501,0
12:59:30,93030,18.1610,0.0501,0
12:59:35,93076,11.6930,0.0501,0
12:59:41,93110,10.3930,0.0501,0
12:59:46,93156,16.9090,0.0501,0
12:59:51,93202,15.3540,0.0501,0
12:59:56,93227,7.5110,0.0501,0
13:00:01,93273,17.4690,0.0501,0
13:00:06,93319,12.6310,0.0501,0
13:00:12,93350,10.0500,0.0501,0
13:00:17,93396,13.2080,0.0501,0
13:00:22,93442,17.7740,0.0501,0
13:00:27,93488,4.9430,0.0501,0
13:00:32,93513,8.9470,0.0501,0
13:00:37,93559,18.9600,0.0501,0
13:00:43,93584,8.3210,0.0501,0
13:00:48,93630,18.7600,0.0501,0
13:00:53,93676,18.7460,0.0501,0
13:00:58,93700,6.9170,0.0501,0
13:01:03,93746,21.4320,0.0501,0
13:01:09,93783,13.9650,0.0501,0
13:01:14,93829,16.8690,0.0501,0
13:01:19,93875,15.6830,0.0501,0
13:01:24,93900,7.5050,0.0501,0
13:01:29,93946,20.5520,0.0501,0
13:01:34,93992,12.9090,0.0501,0
13:01:40,94017,6.6240,0.0501,0
13:01:45,94063,19.0090,0.0501,0
13:01:52,94106,20.7910,0.0501,0
13:01:59,94151,16.2830,0.0501,0
13:02:04,94197,21.6760,0.0501,1
13:02:09,94221,4.9160,0.0501,0
13:02:14,94267,24.2760,0.0501,0
13:02:19,94292,7.7260,0.0501,0
13:02:24,94338,15.2810,0.0501,0
13:02:31,94378,20.2180,0.0501,0
13:02:36,94424,21.8220,0.0501,0
13:02:42,94457,16.9880,0.0501,0
13:02:47,94503,22.1910,0.0501,0
13:02:53,94541,17.6360,0.0501,0
13:02:58,94587,16.8700,0.0501,0
13:03:04,94622,18.9350,0.0501,0
13:03:10,94668,15.7040,0.0501,0
13:03:17,94712,19.2730,0.0501,0
13:03:22,94758,16.8350,0.0501,0
13:03:27,94804,19.4840,0.0501,0
13:03:32,94829,9.7370,0.0501,0
13:03:37,94875,22.0460,0.0501,0
13:03:43,94907,9.9110,0.0501,0
13:03:49,94939,12.6410,0.0501,0
13:03:54,94985,21.7930,0.0501,0
13:03:59,95012,11.9640,0.0501,0
13:04:04,95058,19.2520,0.0501,0
13:04:09,95104,13.9480,0.0501,0
13:04:15,95141,6.0760,0.0501,0
13:04:20,95187,17.7980,0.0501,0
13:04:25,95233,16.0350,0.0501,0
13:04:32,95273,6.4300,0.0501,0
13:04:37,95319,18.1020,0.0501,0
13:04:42,95365,19.2460,0.0501,0
13:04:47,95390,14.9360,0.0501,0
13:04:52,95436,19.4140,0.0501,0
13:04:57,95461,7.4160,0.0501,0
13:05:02,95507,23.5710,0.0501,0
13:05:08,95537,10.9160,0.0501,0
13:05:13,95583,21.1650,0.0501,0
13:05:20,95627,14.1260,0.0501,0
13:05:27,95666,18.5530,0.0501,0
13:05:32,95691,9.8130,0.0501,0
13:05:37,95737,19.4050,0.0501,0
13:05:42,95783,17.4240,0.0501,0
13:05:47,95808,13.0400,0.0501,0
13:05:52,95854,16.5060,0.0501,0
13:05:58,95888,14.6160,0.0501,0
13:06:03,95934,25.4800,0.0501,0
13:06:09,95959,13.3570,0.0501,0
13:06:14,96005,23.2240,0.0501,0
13:06:20,96039,17.3180,0.0501,0
13:06:26,96071,14.0360,0.0501,0
13:06:31,96117,16.8720,0.0501,0
13:06:36,96163,17.7700,0.0501,0
13:06:41,96188,6.0140,0.0501,0
13:06:46,96234,22.1300,0.0501,0
13:06:51,96259,6.8100,0.0501,0
13:06:56,96305,21.1900,0.0501,0
13:07:02,96336,13.7020,0.0501,0
13:07:07,96382,21.5390,0.0501,0
13:07:12,96407,5.5060,0.0501,0
13:07:17,96453,19.2940,0.0501,0
13:07:22,96499,16.5390,0.0501,0
13:07:27,96524,10.9710,0.0501,0
13:07:32,96570,16.8060,0.0501,0
13:07:38,96607,15.2570,0.0501,0
13:07:46,96652,22.2610,0.0501,0
13:07:51,96698,17.1730,0.0501,0
13:07:56,96744,18.4200,0.0501,0
13:08:01,96768,4.7690,0.0501,0
13:08:06,96814,22.6820,0.0501,0
13:08:13,96856,16.8960,0.0501,0
13:08:18,96902,18.0360,0.0501,0
13:08:24,96940,22.7660,0.0501,0
13:08:29,96965,8.8590,0.0501,0
13:08:34,97011,22.3820,0.0501,0
13:08:40,97043,16.7530,0.0501,0
13:08:45,97089,14.7930,0.0501,0
13:08:50,97135,16.5860,0.0501,0
13:08:55,97160,8.4470,0.0501,0
13:09:00,97206,16.8750,0.0501,0
13:09:06,97252,11.3790,0.0501,0
13:09:11,97298,9.3060,0.0501,0
13:09:16,97323,7.2400,0.0501,0
13:09:21,97369,19.6500,0.0501,0
13:09:26,97415,9.6420,0.0501,0
13:09:31,97461,2.4110,0.0501,0
13:09:36,97507,0.0720,0.0501,0
13:09:41,97532,5.7190,0.0501,0
13:09:46,97578,19.0460,0.0501,0
13:09:51,97603,7.9510,0.0501,0
13:09:57,97633,10.0730,0.0501,0
13:10:02,97679,21.7130,0.0501,0
13:10:07,97725,11.4110,0.0501,0
13:10:12,97750,9.9590,0.0501,0
13:10:17,97796,22.1300,0.0501,0
13:10:23,97834,13.6890,0.0501,0
13:10:29,97864,7.0560,0.0501,0
13:10:34,97910,19.4350,0.0501,0
13:10:39,97935,8.0140,0.0501,0
13:10:44,97981,21.1440,0.0501,0
13:10:50,98014,18.8880,0.0501,0
13:10:55,98060,19.3190,0.0501,0
13:11:00,98106,15.0290,0.0501,0
13:11:05,98131,9.9680,0.0501,0
13:11:11,98177,23.9400,0.0501,0
13:11:16,98223,7.8880,0.0501,0
13:11:21,98269,0.1750,0.0501,0
13:11:26,98315,0.0560,0.0501,0
13:11:31,98340,12.1650,0.0501,0
13:11:36,98386,17.1990,0.0501,0
13:11:43,98429,10.7070,0.0501,0
13:11:48,98475,17.7520,0.0501,0
13:11:53,98521,18.9400,0.0501,0
13:11:58,98546,10.6500,0.0500,0
13:12:03,98592,17.5120,0.0500,0
13:12:10,98635,12.2010,0.0500,0
13:12:15,98681,19.0930,0.0500,0
13:12:20,98727,15.0580,0.0500,0
13:12:25,98752,8.8340,0.0500,0
13:12:30,98798,22.6920,0.0500,0
13:12:35,98823,5.5260,0.0500,0
13:12:40,98869,21.7910,0.0500,0
13:12:46,98915,14.7580,0.0500,0
13:12:51,98940,3.1250,0.0500,0
13:12:56,98986,19.6340,0.0500,0
13:13:01,99032,15.9870,0.0500,0
13:13:06,99056,13.3240,0.0500,0
13:13:11,99102,23.0260,0.0500,0
13:13:16,99127,6.3060,0.0500,0
13:13:21,99173,26.3020,0.0500,0
13:13:28,99213,13.1250,0.0500,0
13:13:33,99259,15.5760,0.0500,0
13:13:38,99305,15.7510,0.0500,0
13:13:43,99330,9.4140,0.0500,0
13:13:48,99376,20.5720,0.0500,0
13:13:55,99422,20.1450,0.0500,0
13:14:00,99468,24.4670,0.0500,0
13:14:05,99493,6.7780,0.0500,0
13:14:10,99539,22.7620,0.0500,0
13:14:16,99564,8.8860,0.0500,0
13:14:21,99610,22.8840,0.0500,0
13:14:26,99639,13.0690,0.0500,0
13:14:31,99685,17.8170,0.0500,0
13:14:36,99731,17.7560,0.0500,0
13:14:41,99756,5.1100,0.0500,0
13:14:46,99802,22.9740,0.0500,0
13:14:51,99848,14.0580,0.0500,0
13:14:56,99873,10.2870,0.0500,0
